spygen_code,lon,lat,date,depth,mpa_fully,volume_sampled,temperature,extracted_lon,extracted_lat,date_numeric,log_volume,station,date_group,spatial_fold
SPY0300195,3.181422,42.478035,2025-09-05,64,0,61.9136,21.839990234375023,3.1875,42.5,2733,4.141762356551254,3.181422.42.478035,2025-09-05,5
SPY0300196,3.1522485,42.51034,2025-09-05,46,0,61.87579,21.839990234375023,3.1875,42.5,2733,4.141161192953295,3.152248.42.51034,2025-09-05,5
SPY0300197,3.341379,42.533685,2025-09-08,99,0,61.8543,21.369989013671898,3.3125,42.5625,2736,4.1408193495614825,3.341379.42.533685,2025-09-08,5
SPY0300200,3.1257695,42.536885,2025-09-04,41,0,61.91057,24.409997558593773,NA,NA,2732,4.1417141941036,3.12577.42.536885,2025-09-04,5
SPY0300202,3.413433,42.555085000000005,2025-09-06,515,0,61.6613,21.439996337890648,3.4375,42.5625,2734,4.137744032196799,3.413433.42.555085,2025-09-06,4
SPY0300203,3.4133715,42.55496,2025-09-06,515,0,61.66795,21.159997558593773,NA,NA,2734,4.137850152675558,3.413371.42.55496,2025-09-06,4
SPY0300204,3.3168784999999996,42.56653,2025-09-17,91,0,61.88081,21.579980468750023,NA,NA,2745,4.1412410297173725,3.316878.42.56653,2025-09-17,5
SPY0300206,3.144,42.49003,2025-09-05,26,0,60,24.339990234375023,NA,NA,2733,4.110873864173311,3.144.42.49003,2025-09-05,5
SPY0300207,3.3413165,42.534115,2025-09-08,99,0,61.85253,21.570001220703148,NA,NA,2736,4.1407911888004465,3.341316.42.534115,2025-09-08,5
SPY0300208,3.1250295,42.53743,2025-09-04,41,0,61.93311,24.409997558593773,NA,NA,2732,4.142072416308181,3.12503.42.53743,2025-09-04,5
SPY0300209,3.144,42.49003,2025-09-05,26,0,60,24.339990234375023,NA,NA,2733,4.110873864173311,3.144.42.49003,2025-09-05,5
SPY0300210,3.2588315,42.473515,2025-09-14,90,0,62,21.769982910156273,NA,NA,2742,4.143134726391533,3.258832.42.473515,2025-09-14,5
SPY0300212,3.305555,42.492275,2025-09-09,100,0,61.84046,21.329980468750023,NA,NA,2737,4.140599133538858,3.305555.42.492275,2025-09-09,5
SPY0300214,3.1508305,42.510385,2025-09-05,46,0,61.91219,21.799981689453148,NA,NA,2733,4.141739944611698,3.15083.42.510385,2025-09-05,5
SPY0300215,3.406286,42.547265,2025-09-06,226,0,62.02504,21.439996337890648,3.4375,42.5625,2734,4.143532107742565,3.406286.42.547265,2025-09-06,4
SPY0300216,3.273618,42.451765,2025-09-09,100,0,61.84351,21.329980468750023,NA,NA,2737,4.140647667970109,3.273618.42.451765,2025-09-09,5
SPY0300217,3.13223,42.50104,2025-09-03,9,0,60,24.029992675781273,NA,NA,2731,4.110873864173311,3.13223.42.50104,2025-09-03,5
SPY0300218,3.15402,42.467595,2025-09-04,123,0,60,21.719995117187523,NA,NA,2732,4.110873864173311,3.15402.42.467595,2025-09-04,5
SPY0300219,3.09177,42.391225000000006,2025-09-07,444,0,60,21.059991455078148,NA,NA,2735,4.110873864173311,3.09177.42.391225,2025-09-07,5
SPY0300220,3.3971615,42.53409,2025-09-06,116,0,62.00502,21.570001220703148,3.375,42.5625,2734,4.14321440575673,3.397162.42.53409,2025-09-06,4
SPY0300221,3.306776,42.491535,2025-09-09,101,0,62,21.329980468750023,NA,NA,2737,4.143134726391533,3.306776.42.491535,2025-09-09,5
SPY0300222,3.273315,42.451535,2025-09-09,100,0,62,21.329980468750023,NA,NA,2737,4.143134726391533,3.273315.42.451535,2025-09-09,5
SPY0300223,3.13223,42.50104,2025-09-03,9,0,60,24.100000000000023,NA,NA,2731,4.110873864173311,3.13223.42.50104,2025-09-03,5
SPY0300224,3.09177,42.391225000000006,2025-09-07,444,0,60,21.469995117187523,3.1875,42.375,2735,4.110873864173311,3.09177.42.391225,2025-09-07,5
SPY0300225,3.2389764999999997,42.4515,2025-09-14,90,0,61.91086,21.769982910156273,NA,NA,2742,4.141718803811184,3.238976.42.4515,2025-09-14,5
SPY0300226,3.180516,42.53421,2025-09-13,71,0,61.83116,21.799981689453148,NA,NA,2741,4.140451128762331,3.180516.42.53421,2025-09-13,5
SPY0300227,3.1914214999999997,42.465465,2025-09-14,69,0,61.84451,21.519982910156273,NA,NA,2742,4.1406635803856275,3.191421.42.465465,2025-09-14,5
SPY0300228,3.186082,42.491445,2025-09-16,68,0,61.95095,22.299981689453148,NA,NA,2744,4.142355851718818,3.186082.42.491445,2025-09-16,5
SPY0300230,3.4464525000000004,42.518415000000005,2025-09-12,705,0,61.4667,21.480004882812523,NA,NA,2740,4.134633614754,3.446453.42.518415,2025-09-12,4
SPY0300232,3.26602,42.545695,2025-09-17,88,0,61.90334,21.579980468750023,NA,NA,2745,4.141599262455614,3.26602.42.545695,2025-09-17,5
SPY0300233,3.1894855,42.46453,2025-09-14,69,0,62,21.399987792968773,3.1875,42.4375,2742,4.143134726391533,3.189486.42.46453,2025-09-14,5
SPY0300234,3.184746,42.491164999999995,2025-09-16,68,0,61.89571,22.100000000000023,NA,NA,2744,4.141477957882815,3.184746.42.491165,2025-09-16,5
SPY0300235,3.1721329999999996,42.47895,2025-09-05,52,0,61.8783,21.799981689453148,NA,NA,2733,4.141201112132072,3.172133.42.47895,2025-09-05,5
SPY0300236,3.1860305,42.4449,2025-09-04,51,0,61.49618,21.719995117187523,NA,NA,2732,4.135105434874452,3.186031.42.4449,2025-09-04,5
SPY0300238,3.4239610000000003,42.601365,2025-09-12,119,0,61.88531,22.089990234375023,3.4375,42.625,2740,4.1413125911204265,3.423961.42.601365,2025-09-12,4
SPY0300239,3.267437,42.545245,2025-09-17,91,0,61.88513,21.640008544921898,NA,NA,2745,4.141309728762626,3.267437.42.545245,2025-09-17,5
SPY0300241,3.17276075,42.4773545,2025-09-05,52,0,22.82509,21.799981689453148,NA,NA,2733,3.170739227077727,3.172761.42.477354,2025-09-05,5
SPY0300244,3.3831949999999997,42.610735000000005,2025-09-12,94,0,61.86731,21.659997558593773,NA,NA,2740,4.141026314776873,3.383195.42.610735,2025-09-12,4
SPY0300245,3.367756,42.566315,2025-09-12,101,0,62,21.879998779296898,3.375,42.5625,2740,4.143134726391533,3.367756.42.566315,2025-09-12,4
SPY0300247,3.179346,42.534054999999995,2025-09-13,71,0,61.8349,21.540002441406273,3.1875,42.5625,2741,4.140510651596119,3.179346.42.534055,2025-09-13,5
SPY0300248,3.183891,42.44611,2025-09-04,54,0,61.85523,24.409997558593773,NA,NA,2732,4.140834145575755,3.183891.42.44611,2025-09-04,5
SPY0300249,3.3135760000000003,42.564040000000006,2025-09-17,88,0,61.90816,21.579980468750023,NA,NA,2745,4.141675885021951,3.313576.42.56404,2025-09-17,5
SPY0300250,3.241956,42.452160000000006,2025-09-14,90,0,61.84348,21.409997558593773,3.25,42.4375,2742,4.1406471905937305,3.241956.42.45216,2025-09-14,5
SPY0300251,3.399602,42.5778,2025-09-12,422,0,61.46981,21.480004882812523,NA,NA,2740,4.134683400040952,3.399602.42.5778,2025-09-12,4
SPY0300252,3.4448825000000003,42.518460000000005,2025-09-12,694,0,61.46824,21.879998779296898,3.4375,42.5,2740,4.134658267585306,3.444883.42.51846,2025-09-12,4
SPY0300254,3.15402,42.467595,2025-09-04,123,0,60,21.640008544921898,NA,NA,2732,4.110873864173311,3.15402.42.467595,2025-09-04,5
SPY0300256,3.3981995,42.576965,2025-09-12,422,0,61.4822,21.879998779296898,3.375,42.5625,2740,4.134881716179134,3.3982.42.576965,2025-09-12,4
SPY0300257,3.3831445000000002,42.610605,2025-09-12,94,0,61.87188,21.480004882812523,NA,NA,2740,4.1410990049222764,3.383145.42.610605,2025-09-12,4
SPY0300258,3.1820744999999997,42.556585,2025-09-13,69,0,61.82951,21.540002441406273,3.1875,42.5625,2741,4.140424867562226,3.182074.42.556585,2025-09-13,5
SPY0300259,3.422713,42.600359999999995,2025-09-12,119,0,62,21.659997558593773,NA,NA,2740,4.143134726391533,3.422713.42.60036,2025-09-12,4
SPY0300260,3.1836705,42.55602,2025-09-13,71,0,62,22.0100036621094,NA,NA,2741,4.143134726391533,3.18367.42.55602,2025-09-13,5
SPY0300261,3.260248,42.47306,2025-09-14,90,0,61.83749,21.519982910156273,NA,NA,2742,4.14055186987804,3.260248.42.47306,2025-09-14,5
SPY0300262,3.367115,42.56655,2025-09-12,101,0,61.87733,21.379998779296898,NA,NA,2740,4.141185685387361,3.367115.42.56655,2025-09-12,4
SPY0300276,3.155714,42.506045,2025-09-15,47,0,61.87169,21.640008544921898,3.1875,42.5,2743,4.141095982898963,3.155714.42.506045,2025-09-15,5
SPY0300277,3.1545375,42.508155,2025-09-15,47,0,61.87384,21.640008544921898,3.1875,42.5,2743,4.141130178945538,3.154538.42.508155,2025-09-15,5
SPY0300278,3.15154,42.50892,2025-09-15,46,0,60,21.890008544921898,NA,NA,2743,4.110873864173311,3.15154.42.50892,2025-09-15,5
SPY0300279,3.15154,42.50892,2025-09-15,46,0,60,21.799981689453148,NA,NA,2743,4.110873864173311,3.15154.42.50892,2025-09-15,5
SPY0300280,3.1498735,42.50986,2025-09-15,34,0,60,21.640008544921898,3.1875,42.5,2743,4.110873864173311,3.149874.42.50986,2025-09-15,5
SPY0300281,3.1537495,42.5057,2025-09-15,39,0,62.39982,21.730004882812523,NA,NA,2743,4.149461022322431,3.15375.42.5057,2025-09-15,5
SPY0300282,3.153186,42.509235,2025-09-15,46,0,61.87839,21.640008544921898,3.1875,42.5,2743,4.141202543467455,3.153186.42.509235,2025-09-15,5
SPY0300283,3.155488,42.507485,2025-09-15,47,0,62,21.640008544921898,3.1875,42.5,2743,4.143134726391533,3.155488.42.507485,2025-09-15,5
SPY0300285,3.154145,42.506665,2025-09-10,39,0,60,21.189996337890648,NA,NA,2738,4.110873864173311,3.154145.42.506665,2025-09-10,5
SPY0300287,3.1500985000000004,42.50865,2025-09-15,46,0,61.90387,21.779992675781273,NA,NA,2743,4.141607688045848,3.150099.42.50865,2025-09-15,5
SPY0300288,3.1551195,42.50667,2025-09-15,47,0,61.84443,21.640008544921898,3.1875,42.5,2743,4.140662307401704,3.15512.42.50667,2025-09-15,5
SPY0300289,3.1522965000000003,42.507215,2025-09-15,39,0,61.9035,21.730004882812523,NA,NA,2743,4.141601806037505,3.152297.42.507215,2025-09-15,5
SPY0300290,3.1506439999999998,42.51093,2025-09-10,46,0,62.21799,21.159997558593773,NA,NA,2738,4.146588912545881,3.150644.42.51093,2025-09-10,5
SPY0300291,3.1534924999999996,42.511804999999995,2025-09-10,46,0,61.95256,21.299981689453148,3.1875,42.5,2738,4.1423814268596555,3.153492.42.511805,2025-09-10,5
SPY0300292,3.1511835,42.51293,2025-09-10,47,0,61.87887,21.329980468750023,NA,NA,2738,4.141210177221562,3.151184.42.51293,2025-09-10,5
SPY0300293,3.1569279999999997,42.50686,2025-09-15,47,0,61.82387,21.640008544921898,3.1875,42.5,2743,4.140335096797544,3.156928.42.50686,2025-09-15,5
SPY0300294,3.152298,42.507765,2025-09-15,39,0,59.87181,21.730004882812523,NA,NA,2743,4.108770177565631,3.152298.42.507765,2025-09-15,5
SPY0300295,3.153432,42.505865,2025-09-10,39,0,62.72295,21.299981689453148,3.1875,42.5,2738,4.154544780266503,3.153432.42.505865,2025-09-10,5
SPY0300296,3.152745,42.51209,2025-09-10,46,0,61.88325,21.159997558593773,NA,NA,2738,4.141279832535925,3.152745.42.51209,2025-09-10,5
SPY0300297,3.1512855,42.511065,2025-09-10,46,0,61.90148,21.189996337890648,NA,NA,2738,4.1415696928413475,3.151286.42.511065,2025-09-10,5
SPY0300298,3.151773,42.51135,2025-09-10,46,0,59.5891,21.329980468750023,NA,NA,2738,4.104115008910283,3.151773.42.51135,2025-09-10,5
SPY0300299,3.154145,42.506665,2025-09-10,39,0,60,21.299981689453148,3.1875,42.5,2738,4.110873864173311,3.154145.42.506665,2025-09-10,5
SPY0300300,3.151225,42.50967,2025-09-10,46,0,61.87848,21.299981689453148,3.1875,42.5,2738,4.141203974800789,3.151225.42.50967,2025-09-10,5
SPY0300301,3.151623,42.511615,2025-09-10,46,0,61.90648,21.159997558593773,NA,NA,2738,4.141649179067857,3.151623.42.511615,2025-09-10,5
SPY0300302,3.150588,42.512515,2025-09-10,47,0,61.8755,21.159997558593773,NA,NA,2738,4.141156580674567,3.150588.42.512515,2025-09-10,5
SPY180606,3.7882005,40.021649999999994,2018-03-13,34,0,30,14.230004882812525,3.75,40,0,3.4339872044851463,3.7882.40.02165,2018-03-13,5
SPY180607,3.8301055,39.919175,2018-03-13,20,0,30,14.200006103515648,3.8125,39.875,0,3.4339872044851463,3.830106.39.919175,2018-03-13,5
SPY180608,4.2885775,39.957808,2018-03-14,35,0,30,13.869989013671898,NA,NA,1,3.4339872044851463,4.288577.39.957808,2018-03-14,4
SPY180609,3.4707475,39.6803295,2018-03-19,31,0,30,14.420007324218773,3.5,39.625,6,3.4339872044851463,3.470748.39.68033,2018-03-19,5
SPY180610,3.399823,39.77994,2018-03-19,31,0,30,14.570001220703148,3.375,39.8125,6,3.4339872044851463,3.399823.39.77994,2018-03-19,5
SPY180611,4.0714369999999995,40.086372999999995,2018-03-14,44,0,30,14.119989013671898,4.0625,40.125,1,3.4339872044851463,4.071437.40.086373,2018-03-14,4
SPY180613,4.0991,40.0737115,2018-03-14,15,0,30,14.059991455078148,NA,NA,1,3.4339872044851463,4.0991.40.073712,2018-03-14,4
SPY180614,3.3211395,39.7849135,2018-03-19,26,0,30,14.570001220703148,NA,NA,6,3.4339872044851463,3.32114.39.784914,2018-03-19,5
SPY180615,3.3211395,39.7849135,2018-03-19,26,0,30,14.570001220703148,NA,NA,6,3.4339872044851463,3.32114.39.784914,2018-03-19,5
SPY180616,3.830662,39.9188185,2018-03-13,20,0,30,14.200006103515648,3.8125,39.875,0,3.4339872044851463,3.830662.39.918818,2018-03-13,5
SPY180617,3.7880735,40.021572000000006,2018-03-13,34,0,30,14.230004882812525,3.75,40,0,3.4339872044851463,3.788074.40.021572,2018-03-13,5
SPY180618,3.4686765,39.679122,2018-03-19,31,0,30,14.420007324218773,3.4375,39.625,6,3.4339872044851463,3.468676.39.679122,2018-03-19,5
SPY180619,3.4691,39.7384685,2018-03-19,32,0,30,14.480004882812525,3.5625,39.75,6,3.4339872044851463,3.4691.39.738469,2018-03-19,5
SPY180620,3.399823,39.77994,2018-03-19,31,0,30,14.570001220703148,3.375,39.8125,6,3.4339872044851463,3.399823.39.77994,2018-03-19,5
SPY180621,4.0987375,40.073597500000005,2018-03-14,15,0,30,14.059991455078148,NA,NA,1,3.4339872044851463,4.098738.40.073598,2018-03-14,4
SPY180622,3.1754654999999996,42.434525,2020-07-16,19,0,30,22.019982910156273,NA,NA,856,3.4339872044851463,3.175465.42.434525,2020-07-16,5
SPY180623,3.4691,39.7384685,2018-03-19,32,0,30,14.480004882812525,3.5625,39.75,6,3.4339872044851463,3.4691.39.738469,2018-03-19,5
SPY180624,8.888795,42.6292225,2018-05-19,11,0,30,17.969995117187523,8.8125,42.625,67,3.4339872044851463,8.888795.42.629222,2018-05-19,1
SPY180625,5.3481635,43.22541,2020-05-28,19,0,30,18.689996337890648,5.3125,43.25,807,3.4339872044851463,5.348164.43.22541,2020-05-28,4
SPY180626,4.28864,39.9579605,2018-03-14,35,0,30,13.869989013671898,NA,NA,1,3.4339872044851463,4.28864.39.95796,2018-03-14,4
SPY180627,4.0715805,40.08555,2018-03-14,44,0,30,14.119989013671898,4.0625,40.125,1,3.4339872044851463,4.07158.40.08555,2018-03-14,4
SPY180628,4.158400500000001,39.846491,2018-03-16,21,0,30,13.920007324218773,4.1875,39.8125,3,3.4339872044851463,4.158401.39.846491,2018-03-16,4
SPY180629,5.3586885,43.2742,2020-05-28,7,0,30,18.689996337890648,5.3125,43.25,807,3.4339872044851463,5.358689.43.2742,2020-05-28,4
SPY180630,6.8220955,43.416279,2018-06-21,8,0,30,23.820001220703148,6.8125,43.375,100,3.4339872044851463,6.822095.43.416279,2018-06-21,1
SPY180631,4.305567,39.828768,2018-03-16,36,0,30,13.950006103515648,4.375,39.8125,3,3.4339872044851463,4.305567.39.828768,2018-03-16,3
SPY180632,4.158400500000001,39.846491,2018-03-16,21,0,30,13.920007324218773,4.1875,39.8125,3,3.4339872044851463,4.158401.39.846491,2018-03-16,4
SPY180633,4.305567,39.828768,2018-03-16,36,0,30,13.950006103515648,4.375,39.8125,3,3.4339872044851463,4.305567.39.828768,2018-03-16,3
SPY180634,6.8842125,43.427767,2018-06-21,14,0,30,23.969995117187523,6.9375,43.4375,100,3.4339872044851463,6.884213.43.427767,2018-06-21,1
SPY180635,6.8220955,43.416279,2018-06-21,8,0,30,23.820001220703148,6.8125,43.375,100,3.4339872044851463,6.822095.43.416279,2018-06-21,1
SPY180765,7.308539,43.687017,2019-03-20,81,0,30,13.649987792968773,7.375,43.6875,372,3.4339872044851463,7.308539.43.687017,2019-03-20,2
SPY180785,7.309035,43.689708,2019-03-20,18,0,30,13.649987792968773,7.375,43.6875,372,3.4339872044851463,7.309035.43.689708,2019-03-20,2
SPY180926,3.1745475,42.400721,2018-04-05,35,0,30,12.200006103515648,NA,NA,23,3.4339872044851463,3.174548.42.400721,2018-04-05,5
SPY180927,3.1708355,42.460545499999995,2018-04-05,23,0,30,12.159997558593773,NA,NA,23,3.4339872044851463,3.170836.42.460545,2018-04-05,5
SPY180928,3.2013265000000004,42.350715,2018-04-05,43,0,30,12.200006103515648,NA,NA,23,3.4339872044851463,3.201327.42.350715,2018-04-05,5
SPY180929,3.2013265000000004,42.350715,2018-04-05,43,0,30,12.200006103515648,NA,NA,23,3.4339872044851463,3.201327.42.350715,2018-04-05,5
SPY180930,3.1708355,42.460545499999995,2018-04-05,23,0,30,12.159997558593773,NA,NA,23,3.4339872044851463,3.170836.42.460545,2018-04-05,5
SPY180931,3.1745475,42.400721,2018-04-05,35,0,30,12.200006103515648,NA,NA,23,3.4339872044851463,3.174548.42.400721,2018-04-05,5
SPY180932,8.805791,42.5885775,2018-05-20,14,0,30,18.9899841308594,8.8125,42.625,68,3.4339872044851463,8.805791.42.588578,2018-05-20,1
SPY180933,3.129974,42.5228455,2018-04-05,37,0,30,12.159997558593773,3.125,42.5625,23,3.4339872044851463,3.129974.42.522846,2018-04-05,5
SPY180934,6.8842125,43.427767,2018-06-21,14,0,30,23.969995117187523,6.9375,43.4375,100,3.4339872044851463,6.884213.43.427767,2018-06-21,1
SPY180935,3.129974,42.5228455,2018-04-05,37,0,30,12.159997558593773,3.125,42.5625,23,3.4339872044851463,3.129974.42.522846,2018-04-05,5
SPY180936,3.05326,42.5710725,2018-04-06,7,0,30,11.969995117187525,NA,NA,24,3.4339872044851463,3.05326.42.571072,2018-04-06,2
SPY180937,3.05326,42.5710725,2018-04-06,7,0,30,11.969995117187525,NA,NA,24,3.4339872044851463,3.05326.42.571072,2018-04-06,2
SPY181145,5.3583775,43.274325000000005,2020-05-28,7,0,30,18.689996337890648,5.3125,43.25,807,3.4339872044851463,5.358377.43.274325,2020-05-28,4
SPY181146,8.888795,42.6292225,2018-05-19,11,0,30,17.969995117187523,8.8125,42.625,67,3.4339872044851463,8.888795.42.629222,2018-05-19,1
SPY181147,8.720476000000001,42.5817835,2018-05-19,38,1,30,18.040002441406273,8.6875,42.5625,67,3.4339872044851463,8.720476.42.581784,2018-05-19,1
SPY181148,8.850750999999999,42.6088185,2018-05-19,16,0,30,17.969995117187523,8.8125,42.625,67,3.4339872044851463,8.850751.42.608818,2018-05-19,1
SPY181149,8.717099000000001,42.580956,2018-05-19,38,1,30,18.040002441406273,NA,NA,67,3.4339872044851463,8.717099.42.580956,2018-05-19,1
SPY181150,8.717099000000001,42.580956,2018-05-19,38,1,30,18.040002441406273,NA,NA,67,3.4339872044851463,8.717099.42.580956,2018-05-19,1
SPY181151,8.888963,42.629110999999995,2018-05-19,23,0,30,17.969995117187523,8.8125,42.625,67,3.4339872044851463,8.888963.42.629111,2018-05-19,1
SPY181152,8.8053355,42.5889515,2018-05-20,14,0,30,18.9899841308594,8.8125,42.625,68,3.4339872044851463,8.805336.42.588952,2018-05-20,1
SPY181153,6.2388655,42.995545500000006,2018-06-15,26,1,30,20.959985351562523,6.25,42.9375,94,3.4339872044851463,6.238866.42.995546,2018-06-15,3
SPY181154,8.8053355,42.5889515,2018-05-20,14,0,30,18.9899841308594,8.8125,42.625,68,3.4339872044851463,8.805336.42.588952,2018-05-20,1
SPY181155,8.888963,42.629110999999995,2018-05-19,23,0,30,17.969995117187523,8.8125,42.625,67,3.4339872044851463,8.888963.42.629111,2018-05-19,1
SPY181156,8.850469499999999,42.6084795,2018-05-19,16,0,30,17.969995117187523,8.8125,42.625,67,3.4339872044851463,8.850469.42.60848,2018-05-19,1
SPY181157,8.850469499999999,42.6084795,2018-05-19,16,0,30,17.969995117187523,8.8125,42.625,67,3.4339872044851463,8.850469.42.60848,2018-05-19,1
SPY181158,8.805791,42.5885775,2018-05-20,14,0,30,18.9899841308594,8.8125,42.625,68,3.4339872044851463,8.805791.42.588578,2018-05-20,1
SPY181159,8.850750999999999,42.6088185,2018-05-19,16,0,30,17.969995117187523,8.8125,42.625,67,3.4339872044851463,8.850751.42.608818,2018-05-19,1
SPY181160,8.720476000000001,42.5817835,2018-05-19,38,1,30,18.040002441406273,8.6875,42.5625,67,3.4339872044851463,8.720476.42.581784,2018-05-19,1
SPY181511,7.309035,43.689708,2019-03-20,18,0,30,13.649987792968773,7.375,43.6875,372,3.4339872044851463,7.309035.43.689708,2019-03-20,2
SPY181699,5.387150999999999,43.177295,2020-05-28,78,1,30,18.920007324218773,NA,NA,807,3.4339872044851463,5.387151.43.177295,2020-05-28,4
SPY181700,5.3481635,43.22541,2020-05-28,19,0,30,18.689996337890648,5.3125,43.25,807,3.4339872044851463,5.348164.43.22541,2020-05-28,4
SPY181701,5.3480055,43.2252,2020-05-28,19,0,30,18.689996337890648,5.3125,43.25,807,3.4339872044851463,5.348006.43.2252,2020-05-28,4
SPY181702,5.166180000000001,43.3273075,2018-06-05,6,1,30,21.230004882812523,5.0625,43.3125,84,3.4339872044851463,5.16618.43.327308,2018-06-05,4
SPY181703,5.281921499999999,43.352289,2018-06-05,20,0,30,20.769982910156273,5.3125,43.25,84,3.4339872044851463,5.281921.43.352289,2018-06-05,4
SPY181704,5.2819935000000005,43.351804,2018-06-05,20,0,30,20.769982910156273,5.3125,43.25,84,3.4339872044851463,5.281994.43.351804,2018-06-05,4
SPY181705,5.16506,43.3270495,2018-06-05,6,1,30,21.230004882812523,5.0625,43.3125,84,3.4339872044851463,5.16506.43.32705,2018-06-05,4
SPY181706,5.281921499999999,43.352289,2018-06-05,20,0,30,20.769982910156273,5.3125,43.25,84,3.4339872044851463,5.281921.43.352289,2018-06-05,4
SPY181707,5.16506,43.3270495,2018-06-05,6,1,30,21.230004882812523,5.0625,43.3125,84,3.4339872044851463,5.16506.43.32705,2018-06-05,4
SPY181708,5.3480055,43.2252,2020-05-28,19,0,30,18.689996337890648,5.3125,43.25,807,3.4339872044851463,5.348006.43.2252,2020-05-28,4
SPY181709,5.2359659999999995,43.330096999999995,2018-06-05,10,0,30,20.769982910156273,5.25,43.25,84,3.4339872044851463,5.235966.43.330097,2018-06-05,4
SPY181710,5.2819935000000005,43.351804,2018-06-05,20,0,30,20.769982910156273,5.3125,43.25,84,3.4339872044851463,5.281994.43.351804,2018-06-05,4
SPY181711,5.2360745,43.330195,2018-06-05,10,0,30,20.769982910156273,5.25,43.25,84,3.4339872044851463,5.236074.43.330195,2018-06-05,4
SPY181712,5.2359659999999995,43.330096999999995,2018-06-05,10,0,30,20.769982910156273,5.25,43.25,84,3.4339872044851463,5.235966.43.330097,2018-06-05,4
SPY181713,5.166180000000001,43.3273075,2018-06-05,6,1,30,21.230004882812523,5.0625,43.3125,84,3.4339872044851463,5.16618.43.327308,2018-06-05,4
SPY181714,5.2360745,43.330195,2018-06-05,10,0,30,20.769982910156273,5.25,43.25,84,3.4339872044851463,5.236074.43.330195,2018-06-05,4
SPY181808,6.185542,42.992501,2018-06-15,27,0,30,20.2600036621094,6.125,43,94,3.4339872044851463,6.185542.42.992501,2018-06-15,3
SPY181809,6.1764385,43.009488000000005,2018-06-15,12,0,30,20.2600036621094,6.125,43,94,3.4339872044851463,6.176438.43.009488,2018-06-15,3
SPY181810,6.9233294999999995,43.457537,2018-06-21,34,1,30,23.969995117187523,NA,NA,100,3.4339872044851463,6.923329.43.457537,2018-06-21,1
SPY181811,6.885084,43.427642500000005,2018-06-21,14,0,30,23.969995117187523,6.9375,43.4375,100,3.4339872044851463,6.885084.43.427643,2018-06-21,1
SPY181812,6.2388655,42.995545500000006,2018-06-15,26,1,30,20.959985351562523,6.25,42.9375,94,3.4339872044851463,6.238866.42.995546,2018-06-15,3
SPY181813,6.1848655,42.99239849999999,2018-06-15,27,0,30,20.2600036621094,6.125,43,94,3.4339872044851463,6.184865.42.992398,2018-06-15,3
SPY181814,6.9233294999999995,43.457537,2018-06-21,34,1,30,23.969995117187523,NA,NA,100,3.4339872044851463,6.923329.43.457537,2018-06-21,1
SPY181815,6.1781615,43.009350999999995,2018-06-15,12,0,30,20.2600036621094,6.125,43,94,3.4339872044851463,6.178161.43.009351,2018-06-15,3
SPY181816,6.1848655,42.99239849999999,2018-06-15,27,0,30,20.2600036621094,6.125,43,94,3.4339872044851463,6.184865.42.992398,2018-06-15,3
SPY181817,3.177631,42.3557795,2019-07-11,23,0,30,24.040002441406273,NA,NA,485,3.4339872044851463,3.177631.42.355779,2019-07-11,5
SPY181818,6.239365,42.995529,2018-06-15,26,1,30,20.959985351562523,6.25,42.9375,94,3.4339872044851463,6.239365.42.995529,2018-06-15,3
SPY181819,6.239365,42.995529,2018-06-15,26,1,30,20.959985351562523,6.25,42.9375,94,3.4339872044851463,6.239365.42.995529,2018-06-15,3
SPY181820,6.885084,43.427642500000005,2018-06-21,14,0,30,23.969995117187523,6.9375,43.4375,100,3.4339872044851463,6.885084.43.427643,2018-06-21,1
SPY181821,6.1764385,43.009488000000005,2018-06-15,12,0,30,20.2600036621094,6.125,43,94,3.4339872044851463,6.176438.43.009488,2018-06-15,3
SPY181822,6.821794000000001,43.416342,2018-06-21,8,0,30,23.820001220703148,6.8125,43.375,100,3.4339872044851463,6.821794.43.416342,2018-06-21,1
SPY181823,6.821794000000001,43.416342,2018-06-21,8,0,30,23.820001220703148,6.8125,43.375,100,3.4339872044851463,6.821794.43.416342,2018-06-21,1
SPY181824,5.383274,43.17837,2020-05-28,42,1,30,18.920007324218773,NA,NA,807,3.4339872044851463,5.383274.43.17837,2020-05-28,4
SPY181825,6.1781615,43.009350999999995,2018-06-15,12,0,30,20.2600036621094,6.125,43,94,3.4339872044851463,6.178161.43.009351,2018-06-15,3
SPY181826,6.185542,42.992501,2018-06-15,27,0,30,20.2600036621094,6.125,43,94,3.4339872044851463,6.185542.42.992501,2018-06-15,3
SPY181827,3.177631,42.3557795,2019-07-11,23,0,30,24.040002441406273,NA,NA,485,3.4339872044851463,3.177631.42.355779,2019-07-11,5
SPY181828,5.383274,43.17837,2020-05-28,42,1,30,18.920007324218773,NA,NA,807,3.4339872044851463,5.383274.43.17837,2020-05-28,4
SPY181829,6.9232119999999995,43.4571055,2018-06-21,34,1,30,23.969995117187523,NA,NA,100,3.4339872044851463,6.923212.43.457105,2018-06-21,1
SPY181830,6.9232119999999995,43.4571055,2018-06-21,34,1,30,23.969995117187523,NA,NA,100,3.4339872044851463,6.923212.43.457105,2018-06-21,1
SPY181884,7.308539,43.687017,2019-03-20,81,0,30,13.649987792968773,7.375,43.6875,372,3.4339872044851463,7.308539.43.687017,2019-03-20,2
SPY181890,7.309035,43.689708,2019-03-20,18,0,30,13.649987792968773,7.375,43.6875,372,3.4339872044851463,7.309035.43.689708,2019-03-20,2
SPY181893,7.309035,43.689708,2019-03-20,18,0,30,13.649987792968773,7.375,43.6875,372,3.4339872044851463,7.309035.43.689708,2019-03-20,2
SPY181894,7.30875,43.686972,2019-03-20,81,0,30,13.649987792968773,7.375,43.6875,372,3.4339872044851463,7.30875.43.686972,2019-03-20,2
SPY181910,7.30875,43.686972,2019-03-20,81,0,30,13.649987792968773,7.375,43.6875,372,3.4339872044851463,7.30875.43.686972,2019-03-20,2
SPY181975,3.1594795,42.4683355,2019-07-11,2,1,30,24.129998779296898,NA,NA,485,3.4339872044851463,3.15948.42.468336,2019-07-11,5
SPY182040,7.302233,43.681816,2019-07-14,174,0,30,26.809991455078148,7.375,43.6875,488,3.4339872044851463,7.302233.43.681816,2019-07-14,2
SPY182155,3.1674965000000004,42.4170565,2019-07-11,9,0,30,24.129998779296898,NA,NA,485,3.4339872044851463,3.167497.42.417056,2019-07-11,5
SPY182160,3.1674965000000004,42.4170565,2019-07-11,9,0,30,24.129998779296898,NA,NA,485,3.4339872044851463,3.167497.42.417056,2019-07-11,5
SPY182168,3.1591769999999997,42.46866,2019-07-11,2,0,30,24.129998779296898,NA,NA,485,3.4339872044851463,3.159177.42.46866,2019-07-11,5
SPY182540,3.1612595,42.461958,2019-07-11,19,1,30,24.129998779296898,NA,NA,485,3.4339872044851463,3.16126.42.461958,2019-07-11,5
SPY182541,7.302233,43.681816,2019-07-14,174,0,30,26.809991455078148,7.375,43.6875,488,3.4339872044851463,7.302233.43.681816,2019-07-14,2
SPY182542,3.1612595,42.461958,2019-07-11,19,1,30,24.129998779296898,NA,NA,485,3.4339872044851463,3.16126.42.461958,2019-07-11,5
SPY182543,3.1666465,42.416805,2019-07-11,154,0,30,24.129998779296898,NA,NA,485,3.4339872044851463,3.166646.42.416805,2019-07-11,5
SPY182544,3.1666465,42.416805,2019-07-11,154,0,30,24.129998779296898,NA,NA,485,3.4339872044851463,3.166646.42.416805,2019-07-11,5
SPY182545,3.1774595000000003,42.355903,2019-07-11,23,0,30,24.040002441406273,NA,NA,485,3.4339872044851463,3.17746.42.355903,2019-07-11,5
SPY182546,3.1774595000000003,42.355903,2019-07-11,23,0,30,24.040002441406273,NA,NA,485,3.4339872044851463,3.17746.42.355903,2019-07-11,5
SPY190558,6.6205,43.15891,2019-07-08,12,0,30,24.899987792968773,6.625,43.125,482,3.4339872044851463,6.6205.43.15891,2019-07-08,2
SPY190596,6.617996,43.150888,2019-07-08,80,0,30,24.899987792968773,NA,NA,482,3.4339872044851463,6.617996.43.150888,2019-07-08,2
SPY190597,5.3586885,43.2742,2020-05-28,7,0,30,18.689996337890648,5.3125,43.25,807,3.4339872044851463,5.358689.43.2742,2020-05-28,4
SPY190607,6.62046,43.15886,2019-07-08,12,0,30,24.899987792968773,6.625,43.125,482,3.4339872044851463,6.62046.43.15886,2019-07-08,2
SPY190608,6.673749,43.056244,2019-07-07,187,0,30,24.790002441406273,NA,NA,481,3.4339872044851463,6.673749.43.056244,2019-07-07,2
SPY192279,5.3564565,43.274893,2019-07-01,10,0,30,25.279992675781273,5.3125,43.25,475,3.4339872044851463,5.356457.43.274893,2019-07-01,4
SPY192280,5.384811,43.177248000000006,2019-07-01,78,1,30,25.040002441406273,NA,NA,475,3.4339872044851463,5.384811.43.177248,2019-07-01,4
SPY192281,5.54591,43.1679,2019-07-03,73,0,30,25.799981689453148,5.5,43.1875,477,3.4339872044851463,5.54591.43.1679,2019-07-03,4
SPY192282,6.43833,43.14227,2019-07-19,7,0,30,25.049981689453148,6.5,43.125,493,3.4339872044851463,6.43833.43.14227,2019-07-19,3
SPY192283,6.428435,43.134424,2019-07-19,125,0,30,25.049981689453148,6.5,43.125,493,3.4339872044851463,6.428435.43.134424,2019-07-19,3
SPY192284,5.3483825,43.22501,2019-07-01,19,0,30,25.279992675781273,5.3125,43.25,475,3.4339872044851463,5.348382.43.22501,2019-07-01,4
SPY192285,5.3482605,43.225027999999995,2019-07-01,19,0,30,25.279992675781273,5.3125,43.25,475,3.4339872044851463,5.348261.43.225028,2019-07-01,4
SPY192286,5.54591,43.1679,2019-07-03,73,0,30,25.799981689453148,5.5,43.1875,477,3.4339872044851463,5.54591.43.1679,2019-07-03,4
SPY192287,6.43833,43.14227,2019-07-19,7,0,30,25.049981689453148,6.5,43.125,493,3.4339872044851463,6.43833.43.14227,2019-07-19,3
SPY192288,7.302233,43.681816,2019-07-14,174,0,30,26.809991455078148,7.375,43.6875,488,3.4339872044851463,7.302233.43.681816,2019-07-14,2
SPY192289,5.384811,43.177248000000006,2019-07-01,78,1,30,25.040002441406273,NA,NA,475,3.4339872044851463,5.384811.43.177248,2019-07-01,4
SPY192290,6.673749,43.056244,2019-07-07,187,0,30,24.790002441406273,NA,NA,481,3.4339872044851463,6.673749.43.056244,2019-07-07,2
SPY192291,6.62046,43.15886,2019-07-08,12,0,30,24.899987792968773,6.625,43.125,482,3.4339872044851463,6.62046.43.15886,2019-07-08,2
SPY192294,6.43833,43.14227,2019-07-19,7,0,30,25.049981689453148,6.5,43.125,493,3.4339872044851463,6.43833.43.14227,2019-07-19,3
SPY192295,6.428435,43.134424,2019-07-19,125,0,30,25.049981689453148,6.5,43.125,493,3.4339872044851463,6.428435.43.134424,2019-07-19,3
SPY192297,3.956883333,43.48171667,2022-06-20,24,0,30,23.950006103515648,NA,NA,1560,3.4339872044851463,3.956883.43.481717,2022-06-20,4
SPY192299,6.617996,43.150888,2019-07-08,80,0,30,24.899987792968773,NA,NA,482,3.4339872044851463,6.617996.43.150888,2019-07-08,2
SPY192300,5.3583775,43.274325000000005,2020-05-28,7,0,30,18.689996337890648,5.3125,43.25,807,3.4339872044851463,5.358377.43.274325,2020-05-28,4
SPY192304,5.5457090000000004,43.16803,2019-07-03,74,0,30,25.799981689453148,5.5,43.1875,477,3.4339872044851463,5.545709.43.16803,2019-07-03,4
SPY192305,5.3832695,43.178555,2019-07-01,42,1,30,25.040002441406273,NA,NA,475,3.4339872044851463,5.383269.43.178555,2019-07-01,4
SPY192306,5.3572035,43.2742785,2019-07-01,10,0,30,25.279992675781273,5.3125,43.25,475,3.4339872044851463,5.357203.43.274278,2019-07-01,4
SPY192308,5.347752,43.224891,2019-07-01,16,0,30,25.279992675781273,5.3125,43.25,475,3.4339872044851463,5.347752.43.224891,2019-07-01,4
SPY192309,5.40324,43.17588,2019-07-01,50,0,30,25.040002441406273,NA,NA,475,3.4339872044851463,5.40324.43.17588,2019-07-01,4
SPY192310,5.387150999999999,43.177295,2020-05-28,78,1,30,18.920007324218773,NA,NA,807,3.4339872044851463,5.387151.43.177295,2020-05-28,4
SPY192311,6.428435,43.134424,2019-07-19,125,0,30,25.049981689453148,6.5,43.125,493,3.4339872044851463,6.428435.43.134424,2019-07-19,3
SPY192312,5.3832695,43.178555,2019-07-01,42,1,30,25.040002441406273,NA,NA,475,3.4339872044851463,5.383269.43.178555,2019-07-01,4
SPY192313,5.5457090000000004,43.16803,2019-07-03,74,0,30,25.799981689453148,5.5,43.1875,477,3.4339872044851463,5.545709.43.16803,2019-07-03,4
SPY192314,5.40356,43.17606,2019-07-01,50,0,30,25.040002441406273,NA,NA,475,3.4339872044851463,5.40356.43.17606,2019-07-01,4
SPY192315,5.54567,43.16812,2019-07-03,74,0,30,25.799981689453148,5.5,43.1875,477,3.4339872044851463,5.54567.43.16812,2019-07-03,4
SPY192316,5.3585910000000005,43.2740875,2019-07-01,7,0,30,25.279992675781273,5.3125,43.25,475,3.4339872044851463,5.358591.43.274088,2019-07-01,4
SPY192319,6.617996,43.150888,2019-07-08,80,0,30,24.899987792968773,NA,NA,482,3.4339872044851463,6.617996.43.150888,2019-07-08,2
SPY192320,5.348379,43.225106,2019-07-01,19,0,30,25.279992675781273,5.3125,43.25,475,3.4339872044851463,5.348379.43.225106,2019-07-01,4
SPY192321,6.673749,43.056244,2019-07-06,187,0,30,27.149987792968773,NA,NA,480,3.4339872044851463,6.673749.43.056244,2019-07-06,2
SPY192322,5.5457090000000004,43.16803,2019-07-03,74,0,30,25.799981689453148,5.5,43.1875,477,3.4339872044851463,5.545709.43.16803,2019-07-03,4
SPY192323,5.356983,43.2747945,2019-07-01,10,0,30,25.279992675781273,5.3125,43.25,475,3.4339872044851463,5.356983.43.274794,2019-07-01,4
SPY200455,3.1752935,42.43432,2020-05-20,19,0,30,18.269982910156273,NA,NA,799,3.4339872044851463,3.175294.42.43432,2020-05-20,5
SPY200456,3.1611725,42.462065,2020-05-20,19,1,30,18.269982910156273,NA,NA,799,3.4339872044851463,3.161173.42.462065,2020-05-20,5
SPY200457,5.2813155,43.3515985,2020-05-27,20,0,30,19.529992675781273,5.3125,43.25,806,3.4339872044851463,5.281315.43.351598,2020-05-27,4
SPY200458,5.7757535,43.0757445,2020-05-20,12,0,30,18.269982910156273,NA,NA,799,3.4339872044851463,5.775754.43.075744,2020-05-20,2
SPY200459,5.7660505,43.0806805,2020-05-20,8,0,30,18.269982910156273,NA,NA,799,3.4339872044851463,5.766051.43.08068,2020-05-20,2
SPY200460,3.1754735,42.434915,2020-05-20,19,0,30,18.269982910156273,NA,NA,799,3.4339872044851463,3.175473.42.434915,2020-05-20,5
SPY200461,5.2813155,43.3515985,2020-05-27,20,0,30,19.529992675781273,5.3125,43.25,806,3.4339872044851463,5.281315.43.351598,2020-05-27,4
SPY200462,3.1613475,42.461945,2020-07-16,19,1,30,22.019982910156273,NA,NA,856,3.4339872044851463,3.161348.42.461945,2020-07-16,5
SPY200463,5.7759325,43.077377,2020-05-20,12,0,30,18.269982910156273,NA,NA,799,3.4339872044851463,5.775932.43.077377,2020-05-20,2
SPY200464,5.7759325,43.077377,2020-05-20,12,0,30,18.269982910156273,NA,NA,799,3.4339872044851463,5.775932.43.077377,2020-05-20,2
SPY200465,3.1611725,42.462065,2020-05-20,19,1,30,18.269982910156273,NA,NA,799,3.4339872044851463,3.161173.42.462065,2020-05-20,5
SPY200466,5.2355789999999995,43.3305895,2020-05-27,10,0,30,19.439996337890648,5.25,43.25,806,3.4339872044851463,5.235579.43.33059,2020-05-27,4
SPY200467,5.2360505,43.3306025,2020-05-27,10,0,30,19.439996337890648,5.25,43.25,806,3.4339872044851463,5.236051.43.330602,2020-05-27,4
SPY200468,3.161244,42.462014999999994,2020-05-20,19,1,30,18.269982910156273,NA,NA,799,3.4339872044851463,3.161244.42.462015,2020-05-20,5
SPY200469,6.178571164999999,43.00913835,2020-05-22,12,0,30,18.769982910156273,6.125,43,801,3.4339872044851463,6.178571.43.009138,2020-05-22,3
SPY200470,3.1754735,42.434915,2020-05-20,19,0,30,18.269982910156273,NA,NA,799,3.4339872044851463,3.175473.42.434915,2020-05-20,5
SPY200471,5.163130000000001,43.326551,2020-05-27,6,1,30,19.519982910156273,5.0625,43.3125,806,3.4339872044851463,5.16313.43.326551,2020-05-27,4
SPY200472,3.161164,42.462315,2020-07-16,19,1,30,22.019982910156273,NA,NA,856,3.4339872044851463,3.161164.42.462315,2020-07-16,5
SPY200473,5.163104499999999,43.3272175,2020-05-27,6,1,30,19.519982910156273,5.0625,43.3125,806,3.4339872044851463,5.163104.43.327218,2020-05-27,4
SPY200474,3.161244,42.462014999999994,2020-05-20,19,1,30,18.269982910156273,NA,NA,799,3.4339872044851463,3.161244.42.462015,2020-05-20,5
SPY200475,6.1853945,42.9926325,2020-05-22,27,0,30,18.769982910156273,6.125,43,801,3.4339872044851463,6.185395.42.992632,2020-05-22,3
SPY200476,3.161164,42.462315,2020-07-16,19,1,30,22.019982910156273,NA,NA,856,3.4339872044851463,3.161164.42.462315,2020-07-16,5
SPY200477,5.2355789999999995,43.3305895,2020-05-27,10,0,30,19.439996337890648,5.25,43.25,806,3.4339872044851463,5.235579.43.33059,2020-05-27,4
SPY200478,5.163104499999999,43.3272175,2020-05-27,6,1,30,19.519982910156273,5.0625,43.3125,806,3.4339872044851463,5.163104.43.327218,2020-05-27,4
SPY200479,6.178571,43.009139000000005,2020-05-22,12,0,30,18.769982910156273,6.125,43,801,3.4339872044851463,6.178571.43.009139,2020-05-22,3
SPY200480,6.178571164999999,43.00913835,2020-05-22,12,0,30,18.769982910156273,6.125,43,801,3.4339872044851463,6.178571.43.009138,2020-05-22,3
SPY200481,6.1853945,42.9926325,2020-05-22,27,0,30,18.769982910156273,6.125,43,801,3.4339872044851463,6.185395.42.992632,2020-05-22,3
SPY200482,6.1853945,42.9926325,2020-05-22,27,0,30,18.769982910156273,6.125,43,801,3.4339872044851463,6.185395.42.992632,2020-05-22,3
SPY200483,5.2360505,43.3306025,2020-05-27,10,0,30,19.439996337890648,5.25,43.25,806,3.4339872044851463,5.236051.43.330602,2020-05-27,4
SPY200484,3.1752935,42.43432,2020-05-20,19,0,30,18.269982910156273,NA,NA,799,3.4339872044851463,3.175294.42.43432,2020-05-20,5
SPY200485,5.7657395000000005,43.080364,2020-05-20,8,0,30,18.269982910156273,NA,NA,799,3.4339872044851463,5.76574.43.080364,2020-05-20,2
SPY200486,5.163130000000001,43.326551,2020-05-27,6,1,30,19.519982910156273,5.0625,43.3125,806,3.4339872044851463,5.16313.43.326551,2020-05-27,4
SPY200487,5.7757535,43.0757445,2020-05-20,12,0,30,18.269982910156273,NA,NA,799,3.4339872044851463,5.775754.43.075744,2020-05-20,2
SPY200488,5.7660505,43.0806805,2020-05-20,8,0,30,18.269982910156273,NA,NA,799,3.4339872044851463,5.766051.43.08068,2020-05-20,2
SPY200489,5.2813165,43.3520355,2020-05-27,20,0,30,19.529992675781273,5.3125,43.25,806,3.4339872044851463,5.281316.43.352036,2020-05-27,4
SPY200490,6.178571,43.009139000000005,2020-05-22,12,0,30,18.769982910156273,6.125,43,801,3.4339872044851463,6.178571.43.009139,2020-05-22,3
SPY200492,6.1853945,42.9926325,2020-05-22,27,0,30,18.769982910156273,6.125,43,801,3.4339872044851463,6.185395.42.992632,2020-05-22,3
SPY200493,5.7657395000000005,43.080364,2020-05-20,8,0,30,18.269982910156273,NA,NA,799,3.4339872044851463,5.76574.43.080364,2020-05-20,2
SPY200494,5.2813165,43.3520355,2020-05-27,20,0,30,19.529992675781273,5.3125,43.25,806,3.4339872044851463,5.281316.43.352036,2020-05-27,4
SPY200778,6.9323,43.4452,2020-05-19,56,1,30,18.350000000000023,NA,NA,798,3.4339872044851463,6.9323.43.4452,2020-05-19,1
SPY200779,6.9255,43.4527833,2020-05-19,8,1,30,18.350000000000023,NA,NA,798,3.4339872044851463,6.9255.43.452783,2020-05-19,1
SPY200780,7.17255,43.5561,2020-05-18,75,0,30,17.549981689453148,NA,NA,797,3.4339872044851463,7.17255.43.5561,2020-05-18,1
SPY200781,7.12141667,43.53835,2020-05-18,24,0,30,17.709985351562523,7.125,43.5,797,3.4339872044851463,7.121417.43.53835,2020-05-18,1
SPY200782,7.3001,43.6833,2020-05-08,174,0,30,17.989984130859398,7.375,43.6875,787,3.4339872044851463,7.3001.43.6833,2020-05-08,2
SPY200783,6.9255,43.4527833,2020-05-19,8,1,30,18.350000000000023,NA,NA,798,3.4339872044851463,6.9255.43.452783,2020-05-19,1
SPY200784,6.92056667,43.4404,2020-05-19,78,0,30,18.350000000000023,NA,NA,798,3.4339872044851463,6.920567.43.4404,2020-05-19,1
SPY200785,7.11408333,43.5512333,2020-05-09,16,0,30,18.109979248046898,7.125,43.5,788,3.4339872044851463,7.114083.43.551233,2020-05-09,1
SPY200786,7.30073333,43.6838167,2020-05-09,28,0,30,18.040002441406273,7.375,43.6875,788,3.4339872044851463,7.300733.43.683817,2020-05-09,2
SPY200787,7.3001,43.6833,2020-05-08,174,0,30,17.989984130859398,7.375,43.6875,787,3.4339872044851463,7.3001.43.6833,2020-05-08,2
SPY200788,6.88521667,43.4276992,2020-05-20,14,0,30,18.359979248046898,6.9375,43.4375,799,3.4339872044851463,6.885217.43.427699,2020-05-20,1
SPY200790,7.14288333,43.5563833,2020-05-18,26,0,30,17.549981689453148,7.1875,43.5625,797,3.4339872044851463,7.142883.43.556383,2020-05-18,1
SPY200791,7.11408333,43.5512333,2020-05-09,16,0,30,18.109979248046898,7.125,43.5,788,3.4339872044851463,7.114083.43.551233,2020-05-09,1
SPY200792,7.30073333,43.6838167,2020-05-09,28,0,30,18.040002441406273,7.375,43.6875,788,3.4339872044851463,7.300733.43.683817,2020-05-09,2
SPY200794,6.88521667,43.4276992,2020-05-20,14,0,30,18.359979248046898,6.9375,43.4375,799,3.4339872044851463,6.885217.43.427699,2020-05-20,1
SPY200795,7.17255,43.5561,2020-05-18,75,0,30,17.549981689453148,NA,NA,797,3.4339872044851463,7.17255.43.5561,2020-05-18,1
SPY200796,6.9323,43.4452,2020-05-19,56,1,30,18.350000000000023,NA,NA,798,3.4339872044851463,6.9323.43.4452,2020-05-19,1
SPY200797,7.12141667,43.53835,2020-05-18,24,0,30,17.709985351562523,7.125,43.5,797,3.4339872044851463,7.121417.43.53835,2020-05-18,1
SPY200798,6.821895,43.416256700000005,2020-05-20,8,0,30,18.390008544921898,6.8125,43.375,799,3.4339872044851463,6.821895.43.416257,2020-05-20,1
SPY200799,6.88521667,43.42769835,2020-05-20,14,0,30,18.359979248046898,6.9375,43.4375,799,3.4339872044851463,6.885217.43.427698,2020-05-20,1
SPY200800,6.821895,43.416256700000005,2020-05-20,8,0,30,18.390008544921898,6.8125,43.375,799,3.4339872044851463,6.821895.43.416257,2020-05-20,1
SPY200801,6.92056667,43.4404,2020-05-19,78,0,30,18.350000000000023,NA,NA,798,3.4339872044851463,6.920567.43.4404,2020-05-19,1
SPY200802,7.14288333,43.5563833,2020-05-18,26,0,30,17.549981689453148,7.1875,43.5625,797,3.4339872044851463,7.142883.43.556383,2020-05-18,1
SPY200803,6.88521667,43.42769835,2020-05-20,14,0,30,18.359979248046898,6.9375,43.4375,799,3.4339872044851463,6.885217.43.427698,2020-05-20,1
SPY200804,6.92318442,43.45738,2020-05-20,34,1,30,18.359979248046898,NA,NA,799,3.4339872044851463,6.923184.43.45738,2020-05-20,1
SPY200805,6.92318442,43.45738,2020-05-20,34,1,30,18.359979248046898,NA,NA,799,3.4339872044851463,6.923184.43.45738,2020-05-20,1
SPY200806,6.92318417,43.45738,2020-05-20,34,1,30,18.359979248046898,NA,NA,799,3.4339872044851463,6.923184.43.45738,2020-05-20,1
SPY200807,6.92318417,43.45738,2020-05-20,34,1,30,18.359979248046898,NA,NA,799,3.4339872044851463,6.923184.43.45738,2020-05-20,1
SPY200808,6.7650813,43.4233855,2020-05-21,13,0,30,18.649987792968773,6.75,43.375,800,3.4339872044851463,6.765081.43.423386,2020-05-21,1
SPY200809,6.7650813,43.4233855,2020-05-21,13,0,30,18.649987792968773,6.75,43.375,800,3.4339872044851463,6.765081.43.423386,2020-05-21,1
SPY200810,6.6845,43.2856,2020-05-20,39,0,30,18.409997558593773,6.6875,43.25,799,3.4339872044851463,6.6845.43.2856,2020-05-20,2
SPY200811,6.6845,43.2856,2020-05-20,39,0,30,18.409997558593773,6.6875,43.25,799,3.4339872044851463,6.6845.43.2856,2020-05-20,2
SPY200812,7.44961667,43.7528833,2020-05-07,9,1,30,17.850000000000023,NA,NA,786,3.4339872044851463,7.449617.43.752883,2020-05-07,2
SPY200813,6.72395,43.3554833,2020-05-20,29,0,30,18.379998779296898,NA,NA,799,3.4339872044851463,6.72395.43.355483,2020-05-20,1
SPY200814,6.72395,43.3554833,2020-05-20,29,0,30,18.379998779296898,NA,NA,799,3.4339872044851463,6.72395.43.355483,2020-05-20,1
SPY200815,7.47553333,43.7460333,2020-05-07,37,0,30,17.799981689453148,NA,NA,786,3.4339872044851463,7.475533.43.746033,2020-05-07,2
SPY200816,7.47553333,43.7460333,2020-05-07,37,0,30,17.799981689453148,NA,NA,786,3.4339872044851463,7.475533.43.746033,2020-05-07,2
SPY200817,7.44961667,43.7528833,2020-05-07,9,1,30,17.850000000000023,NA,NA,786,3.4339872044851463,7.449617.43.752883,2020-05-07,2
SPY201149,9.37825,41.63184,2020-07-20,17,0,30,25.339990234375023,9.4375,41.625,860,3.4339872044851463,9.37825.41.63184,2020-07-20,1
SPY201150,9.38896,41.50911,2020-07-20,45,0,30,25.339990234375023,NA,NA,860,3.4339872044851463,9.38896.41.50911,2020-07-20,1
SPY201151,9.37825,41.63184,2020-07-20,17,0,30,25.339990234375023,9.4375,41.625,860,3.4339872044851463,9.37825.41.63184,2020-07-20,1
SPY201152,9.38896,41.50911,2020-07-20,45,0,30,25.339990234375023,NA,NA,860,3.4339872044851463,9.38896.41.50911,2020-07-20,1
SPY201153,9.14695,43.126450000000006,2020-07-29,1560,0,30,26.200006103515648,NA,NA,869,3.4339872044851463,9.14695.43.12645,2020-07-29,1
SPY201154,3.1613475,42.461945,2020-07-16,19,1,30,22.019982910156273,NA,NA,856,3.4339872044851463,3.161348.42.461945,2020-07-16,5
SPY201155,3.1754654999999996,42.434525,2020-07-16,19,0,30,22.019982910156273,NA,NA,856,3.4339872044851463,3.175465.42.434525,2020-07-16,5
SPY201156,3.175267,42.435325,2020-07-16,19,0,30,22.019982910156273,NA,NA,856,3.4339872044851463,3.175267.42.435325,2020-07-16,5
SPY201157,9.38833,41.50948,2020-07-20,45,0,30,25.339990234375023,NA,NA,860,3.4339872044851463,9.38833.41.50948,2020-07-20,1
SPY201158,9.38833,41.50948,2020-07-20,45,0,30,25.339990234375023,NA,NA,860,3.4339872044851463,9.38833.41.50948,2020-07-20,1
SPY201159,8.868055,42.986845,2020-07-28,1964,0,30,25.059991455078148,NA,NA,868,3.4339872044851463,8.868055.42.986845,2020-07-28,1
SPY201160,9.12321,42.734345000000005,2020-07-27,23,0,30,25.4899841308594,NA,NA,867,3.4339872044851463,9.12321.42.734345,2020-07-27,3
SPY201161,9.4077,43.022375,2020-07-30,8,0,30,26.850000000000023,NA,NA,870,3.4339872044851463,9.4077.43.022375,2020-07-30,5
SPY201162,9.15041,43.07759,2020-07-29,841,0,30,26.200006103515648,NA,NA,869,3.4339872044851463,9.15041.43.07759,2020-07-29,1
SPY201164,9.48981,42.86569,2020-07-30,31,0,30,27.2399841308594,NA,NA,870,3.4339872044851463,9.48981.42.86569,2020-07-30,3
SPY201166,8.8827,42.981804999999994,2020-07-28,1795,0,30,25.059991455078148,NA,NA,868,3.4339872044851463,8.8827.42.981805,2020-07-28,1
SPY201167,9.12321,42.734345000000005,2020-07-27,23,0,30,25.4899841308594,NA,NA,867,3.4339872044851463,9.12321.42.734345,2020-07-27,3
SPY201168,9.251675,42.703425,2020-07-25,21,0,30,25.209985351562523,9.25,42.75,865,3.4339872044851463,9.251675.42.703425,2020-07-25,3
SPY201169,9.47118,42.75926,2020-07-31,14,0,30,27.609979248046898,NA,NA,871,3.4339872044851463,9.47118.42.75926,2020-07-31,3
SPY201170,9.251675,42.703425,2020-07-25,21,0,30,25.209985351562523,9.25,42.75,865,3.4339872044851463,9.251675.42.703425,2020-07-25,3
SPY201171,9.12321,42.734345000000005,2020-07-27,23,0,30,25.4899841308594,NA,NA,867,3.4339872044851463,9.12321.42.734345,2020-07-27,3
SPY201172,8.785585000000001,43.11729,2020-07-28,2468,0,30,25.029992675781273,NA,NA,868,3.4339872044851463,8.785585.43.11729,2020-07-28,2
SPY201174,9.310455,41.365495,2020-07-22,32,0,30,25.480004882812523,NA,NA,862,3.4339872044851463,9.310455.41.365495,2020-07-22,1
SPY201175,8.899305,41.451935,2020-07-21,41,1,30,25.079980468750023,NA,NA,861,3.4339872044851463,8.899305.41.451935,2020-07-21,5
SPY201176,8.8432,41.5091,2020-07-21,23,0,30,25.179986572265648,NA,NA,861,3.4339872044851463,8.8432.41.5091,2020-07-21,5
SPY201177,9.378185,41.631789999999995,2020-07-20,17,0,30,25.339990234375023,9.4375,41.625,860,3.4339872044851463,9.378185.41.63179,2020-07-20,1
SPY201178,6.77428333,43.4058833,2020-05-20,33,0,30,18.379998779296898,NA,NA,799,3.4339872044851463,6.774283.43.405883,2020-05-20,1
SPY201179,8.84333,41.508215,2020-07-21,37,0,30,25.179986572265648,NA,NA,861,3.4339872044851463,8.84333.41.508215,2020-07-21,5
SPY201180,9.285725,42.997885,2020-07-29,35,0,30,26.209985351562523,NA,NA,869,3.4339872044851463,9.285725.42.997885,2020-07-29,3
SPY201181,9.311635,41.364735,2020-07-22,32,0,30,25.480004882812523,NA,NA,862,3.4339872044851463,9.311635.41.364735,2020-07-22,1
SPY201182,6.77428333,43.4058833,2020-05-20,33,0,30,18.379998779296898,NA,NA,799,3.4339872044851463,6.774283.43.405883,2020-05-20,1
SPY201183,6.77513333,43.4081333,2020-05-20,39,0,30,18.379998779296898,6.75,43.375,799,3.4339872044851463,6.775133.43.408133,2020-05-20,1
SPY201185,8.78714,43.125685,2020-07-28,2429,0,30,25.029992675781273,NA,NA,868,3.4339872044851463,8.78714.43.125685,2020-07-28,2
SPY201186,9.285725,42.997885,2020-07-29,35,0,30,26.209985351562523,NA,NA,869,3.4339872044851463,9.285725.42.997885,2020-07-29,3
SPY201187,9.258775,41.315955,2020-07-22,32,0,30,25.230004882812523,NA,NA,862,3.4339872044851463,9.258775.41.315955,2020-07-22,1
SPY201188,6.77513333,43.4081333,2020-05-20,39,0,30,18.379998779296898,6.75,43.375,799,3.4339872044851463,6.775133.43.408133,2020-05-20,1
SPY201189,3.175267,42.435325,2020-07-16,19,0,30,22.019982910156273,NA,NA,856,3.4339872044851463,3.175267.42.435325,2020-07-16,5
SPY201190,9.4077,43.022375,2020-07-30,8,0,30,26.850000000000023,NA,NA,870,3.4339872044851463,9.4077.43.022375,2020-07-30,5
SPY201191,8.899305,41.451935,2020-07-21,41,1,30,25.079980468750023,NA,NA,861,3.4339872044851463,8.899305.41.451935,2020-07-21,5
SPY201192,9.258775,41.315955,2020-07-22,32,0,30,25.230004882812523,NA,NA,862,3.4339872044851463,9.258775.41.315955,2020-07-22,1
SPY201193,9.378185,41.631789999999995,2020-07-20,17,0,30,25.339990234375023,9.4375,41.625,860,3.4339872044851463,9.378185.41.63179,2020-07-20,1
SPY201194,9.51398333,43.1719333,2020-07-20,120,0,30,24.409997558593773,NA,NA,860,3.4339872044851463,9.513983.43.171933,2020-07-20,5
SPY201195,9.40788333,41.7213667,2020-06-06,2,0,30,20.159997558593773,NA,NA,816,3.4339872044851463,9.407883.41.721367,2020-06-06,1
SPY201196,9.41938333,41.5286833,2020-06-06,81,0,30,19.019982910156273,NA,NA,816,3.4339872044851463,9.419383.41.528683,2020-06-06,1
SPY201197,9.40788333,41.7213667,2020-06-06,2,0,30,20.159997558593773,NA,NA,816,3.4339872044851463,9.407883.41.721367,2020-06-06,1
SPY201198,9.25822,41.315470000000005,2020-07-22,21,0,30,25.230004882812523,NA,NA,862,3.4339872044851463,9.25822.41.31547,2020-07-22,1
SPY201200,5.86151667,43.0423167,2020-05-23,16,0,30,19.279992675781273,5.875,43,802,3.4339872044851463,5.861517.43.042317,2020-05-23,2
SPY201201,6.09431667,43.0332667,2020-05-22,28,0,30,18.769982910156273,6.125,43,801,3.4339872044851463,6.094317.43.033267,2020-05-22,2
SPY201202,6.821895,43.4162573,2020-05-21,8,0,30,18.700006103515648,6.8125,43.375,800,3.4339872044851463,6.821895.43.416257,2020-05-21,1
SPY201203,5.86151667,43.0423167,2020-05-23,16,0,30,19.279992675781273,5.875,43,802,3.4339872044851463,5.861517.43.042317,2020-05-23,2
SPY201204,6.0157,43.0842667,2020-05-23,19,0,30,19.2499938964844,6,43,802,3.4339872044851463,6.0157.43.084267,2020-05-23,2
SPY201205,6.0157,43.0842667,2020-05-23,19,0,30,19.2499938964844,6,43,802,3.4339872044851463,6.0157.43.084267,2020-05-23,2
SPY201206,6.1329,43.0163667,2020-05-22,56,0,30,18.769982910156273,NA,NA,801,3.4339872044851463,6.1329.43.016367,2020-05-22,2
SPY201207,6.40331667,43.1040667,2020-05-22,53,0,30,19.439996337890648,6.5,43.125,801,3.4339872044851463,6.403317.43.104067,2020-05-22,3
SPY201208,6.61976667,43.1512167,2020-05-21,80,0,30,18.899987792968773,NA,NA,800,3.4339872044851463,6.619767.43.151217,2020-05-21,2
SPY201209,6.61976667,43.1512167,2020-05-21,80,0,30,18.899987792968773,NA,NA,800,3.4339872044851463,6.619767.43.151217,2020-05-21,2
SPY201210,6.1972,43.0816833,2020-05-23,14,0,30,19.159997558593773,6.125,43,802,3.4339872044851463,6.1972.43.081683,2020-05-23,3
SPY201211,6.40331667,43.1040667,2020-05-22,53,0,30,19.439996337890648,6.5,43.125,801,3.4339872044851463,6.403317.43.104067,2020-05-22,3
SPY201212,5.66438333,43.1786833,2020-05-27,17,0,30,19.4999938964844,5.6875,43.125,806,3.4339872044851463,5.664383.43.178683,2020-05-27,4
SPY201213,6.1972,43.0816833,2020-05-23,14,0,30,19.159997558593773,6.125,43,802,3.4339872044851463,6.1972.43.081683,2020-05-23,3
SPY201214,8.85075,42.608825,2020-06-04,16,0,30,20.149987792968773,8.8125,42.625,814,3.4339872044851463,8.85075.42.608825,2020-06-04,1
SPY201215,9.48501667,42.6875667,2020-06-05,69,0,30,20.390008544921898,NA,NA,815,3.4339872044851463,9.485017.42.687567,2020-06-05,3
SPY201216,9.32566667,42.769,2020-06-25,55,1,30,23.059991455078148,NA,NA,835,3.4339872044851463,9.325667.42.769,2020-06-25,3
SPY201217,8.805790835,42.5885767,2020-06-03,14,0,30,20.189996337890648,8.8125,42.625,813,3.4339872044851463,8.805791.42.588577,2020-06-03,1
SPY201218,5.16676667,43.32465,2020-05-28,20,1,30,18.549981689453148,5.1875,43.25,807,3.4339872044851463,5.166767.43.32465,2020-05-28,4
SPY201219,8.85075,42.608825,2020-06-04,16,0,30,20.149987792968773,8.8125,42.625,814,3.4339872044851463,8.85075.42.608825,2020-06-04,1
SPY201220,9.45256667,42.6784833,2020-06-05,9,0,30,20.390008544921898,9.5,42.6875,815,3.4339872044851463,9.452567.42.678483,2020-06-05,3
SPY201221,8.72047583,42.581783349999995,2020-06-03,38,1,30,20.189996337890648,8.6875,42.5625,813,3.4339872044851463,8.720476.42.581783,2020-06-03,1
SPY201222,9.45256667,42.6784833,2020-06-05,9,0,30,20.390008544921898,9.5,42.6875,815,3.4339872044851463,9.452567.42.678483,2020-06-05,3
SPY201223,5.16676667,43.32465,2020-05-28,20,1,30,18.549981689453148,5.1875,43.25,807,3.4339872044851463,5.166767.43.32465,2020-05-28,4
SPY201224,9.41938333,41.5286833,2020-06-06,81,0,30,19.019982910156273,NA,NA,816,3.4339872044851463,9.419383.41.528683,2020-06-06,1
SPY201225,3.96405,43.51835,2020-05-29,11,0,30,20.799981689453148,NA,NA,808,3.4339872044851463,3.96405.43.51835,2020-05-29,4
SPY201226,3.95683333,43.4820167,2020-05-29,24,0,30,20.799981689453148,NA,NA,808,3.4339872044851463,3.956833.43.482017,2020-05-29,4
SPY201227,8.72047583,42.581783349999995,2020-06-03,38,1,30,20.189996337890648,8.6875,42.5625,813,3.4339872044851463,8.720476.42.581783,2020-06-03,1
SPY201228,9.48501667,42.6875667,2020-06-05,69,0,30,20.390008544921898,NA,NA,815,3.4339872044851463,9.485017.42.687567,2020-06-05,3
SPY201229,3.96405,43.51835,2020-05-29,11,0,30,20.799981689453148,NA,NA,808,3.4339872044851463,3.96405.43.51835,2020-05-29,4
SPY201230,3.95683333,43.4820167,2020-05-29,24,0,30,20.799981689453148,NA,NA,808,3.4339872044851463,3.956833.43.482017,2020-05-29,4
SPY201231,5.28838333,43.2689333,2020-05-27,39,0,30,19.529992675781273,NA,NA,806,3.4339872044851463,5.288383.43.268933,2020-05-27,4
SPY201232,5.28838333,43.2689333,2020-05-27,39,0,30,19.529992675781273,NA,NA,806,3.4339872044851463,5.288383.43.268933,2020-05-27,4
SPY201233,8.805335835000001,42.58895085,2020-06-03,14,0,30,20.189996337890648,8.8125,42.625,813,3.4339872044851463,8.805336.42.588951,2020-06-03,1
SPY201234,8.805790835,42.5885767,2020-06-03,14,0,30,20.189996337890648,8.8125,42.625,813,3.4339872044851463,8.805791.42.588577,2020-06-03,1
SPY201235,8.85046917,42.60847915,2020-06-04,16,0,30,20.149987792968773,8.8125,42.625,814,3.4339872044851463,8.850469.42.608479,2020-06-04,1
SPY201236,5.28431667,43.2807833,2020-05-27,39,0,30,19.529992675781273,NA,NA,806,3.4339872044851463,5.284317.43.280783,2020-05-27,4
SPY201237,5.28431667,43.2807833,2020-05-27,39,0,30,19.529992675781273,NA,NA,806,3.4339872044851463,5.284317.43.280783,2020-05-27,4
SPY201238,8.717098335,42.580955,2020-06-03,38,1,30,20.189996337890648,NA,NA,813,3.4339872044851463,8.717098.42.580955,2020-06-03,1
SPY201239,6.239071165,42.9965,2020-05-22,34,1,30,19.040002441406273,6.25,42.9375,801,3.4339872044851463,6.239071.42.9965,2020-05-22,3
SPY201240,6.09431667,43.0332667,2020-05-22,28,0,30,18.769982910156273,6.125,43,801,3.4339872044851463,6.094317.43.033267,2020-05-22,2
SPY201241,6.239071165,42.9965,2020-05-22,34,1,30,19.040002441406273,6.25,42.9375,801,3.4339872044851463,6.239071.42.9965,2020-05-22,3
SPY201242,6.821895,43.4162573,2020-05-21,8,0,30,18.700006103515648,6.8125,43.375,800,3.4339872044851463,6.821895.43.416257,2020-05-21,1
SPY201243,5.66438333,43.1786833,2020-05-27,17,0,30,19.4999938964844,5.6875,43.125,806,3.4339872044851463,5.664383.43.178683,2020-05-27,4
SPY201244,6.6319,43.1538167,2020-05-21,66,0,30,18.899987792968773,NA,NA,800,3.4339872044851463,6.6319.43.153817,2020-05-21,2
SPY201245,6.6319,43.1538167,2020-05-21,66,0,30,18.899987792968773,NA,NA,800,3.4339872044851463,6.6319.43.153817,2020-05-21,2
SPY201246,6.1329,43.0163667,2020-05-22,56,0,30,18.769982910156273,NA,NA,801,3.4339872044851463,6.1329.43.016367,2020-05-22,2
SPY201247,6.239087915,42.9965,2020-05-22,34,1,30,19.040002441406273,6.25,42.9375,801,3.4339872044851463,6.239088.42.9965,2020-05-22,3
SPY201248,6.239087915,42.9965,2020-05-22,34,1,30,19.040002441406273,6.25,42.9375,801,3.4339872044851463,6.239088.42.9965,2020-05-22,3
SPY201249,5.54325,43.20245,2020-05-26,17,0,30,19.170007324218773,5.5,43.1875,805,3.4339872044851463,5.54325.43.20245,2020-05-26,4
SPY201250,5.54571667,43.1680333,2020-05-26,74,0,30,19.170007324218773,5.5,43.1875,805,3.4339872044851463,5.545717.43.168033,2020-05-26,4
SPY201251,5.39141667,43.2113167,2020-05-28,10,1,30,18.920007324218773,NA,NA,807,3.4339872044851463,5.391417.43.211317,2020-05-28,4
SPY201252,9.33806667,42.76975,2020-06-26,14,1,30,23.5100036621094,NA,NA,836,3.4339872044851463,9.338067.42.76975,2020-06-26,3
SPY201253,9.33806667,42.76975,2020-06-26,14,1,30,23.5100036621094,NA,NA,836,3.4339872044851463,9.338067.42.76975,2020-06-26,3
SPY201254,3.18115,42.4415,2020-05-28,36,0,30,19.769982910156273,NA,NA,807,3.4339872044851463,3.18115.42.4415,2020-05-28,5
SPY201255,5.54571667,43.1680333,2020-05-26,74,0,30,19.170007324218773,5.5,43.1875,805,3.4339872044851463,5.545717.43.168033,2020-05-26,4
SPY201256,5.39141667,43.2113167,2020-05-28,10,1,30,18.920007324218773,NA,NA,807,3.4339872044851463,5.391417.43.211317,2020-05-28,4
SPY201257,9.18103333,42.7379333,2020-06-20,25,0,30,20.129998779296898,NA,NA,830,3.4339872044851463,9.181033.42.737933,2020-06-20,3
SPY201258,9.20566667,42.76825,2020-06-20,69,0,30,20.129998779296898,NA,NA,830,3.4339872044851463,9.205667.42.76825,2020-06-20,3
SPY201259,3.51566667,43.2511833,2020-05-27,19,0,30,20.5100036621094,NA,NA,806,3.4339872044851463,3.515667.43.251183,2020-05-27,5
SPY201260,5.62403333,43.1542,2020-05-26,46,0,30,19.119989013671898,NA,NA,805,3.4339872044851463,5.624033.43.1542,2020-05-26,4
SPY201261,3.18115,42.4415,2020-05-28,36,0,30,19.769982910156273,NA,NA,807,3.4339872044851463,3.18115.42.4415,2020-05-28,5
SPY201262,9.33903333,42.7478833,2020-06-25,18,1,30,23.059991455078148,NA,NA,835,3.4339872044851463,9.339033.42.747883,2020-06-25,3
SPY201263,9.32566667,42.769,2020-06-25,55,1,30,23.059991455078148,NA,NA,835,3.4339872044851463,9.325667.42.769,2020-06-25,3
SPY201264,8.717098335,42.580955,2020-06-03,38,1,30,20.189996337890648,NA,NA,813,3.4339872044851463,8.717098.42.580955,2020-06-03,1
SPY201265,3.51566667,43.2511833,2020-05-27,19,0,30,20.5100036621094,NA,NA,806,3.4339872044851463,3.515667.43.251183,2020-05-27,5
SPY201266,5.08936667,43.3104167,2020-05-29,48,0,30,19.350000000000023,NA,NA,808,3.4339872044851463,5.089367.43.310417,2020-05-29,5
SPY201268,9.47295,42.9848,2020-06-23,11,1,30,22.2499938964844,NA,NA,833,3.4339872044851463,9.47295.42.9848,2020-06-23,5
SPY201269,3.18115,42.4415,2020-05-28,36,0,30,19.769982910156273,NA,NA,807,3.4339872044851463,3.18115.42.4415,2020-05-28,5
SPY201270,5.37291667,43.1944833,2020-05-28,29,0,30,18.920007324218773,NA,NA,807,3.4339872044851463,5.372917.43.194483,2020-05-28,4
SPY201271,5.37291667,43.1944833,2020-05-28,29,0,30,18.920007324218773,NA,NA,807,3.4339872044851463,5.372917.43.194483,2020-05-28,4
SPY201272,9.47295,42.9848,2020-06-23,11,1,30,22.2499938964844,NA,NA,833,3.4339872044851463,9.47295.42.9848,2020-06-23,5
SPY201273,8.72258333,42.5932667,2020-06-19,69,1,30,20.059991455078148,8.75,42.625,829,3.4339872044851463,8.722583.42.593267,2020-06-19,1
SPY201274,3.18115,42.4415,2020-05-28,36,0,30,19.769982910156273,NA,NA,807,3.4339872044851463,3.18115.42.4415,2020-05-28,5
SPY201275,5.39141667,43.2113167,2020-05-28,10,1,30,18.920007324218773,NA,NA,807,3.4339872044851463,5.391417.43.211317,2020-05-28,4
SPY201276,5.08936667,43.3104167,2020-05-29,48,0,30,19.350000000000023,NA,NA,808,3.4339872044851463,5.089367.43.310417,2020-05-29,5
SPY201277,9.33206667,42.7682167,2020-06-24,40,1,30,22.519982910156273,NA,NA,834,3.4339872044851463,9.332067.42.768217,2020-06-24,3
SPY201278,8.72258333,42.5932667,2020-06-19,69,1,30,20.059991455078148,8.75,42.625,829,3.4339872044851463,8.722583.42.593267,2020-06-19,1
SPY201279,5.54325,43.20245,2020-05-26,17,0,30,19.170007324218773,5.5,43.1875,805,3.4339872044851463,5.54325.43.20245,2020-05-26,4
SPY201280,5.39141667,43.2113167,2020-05-28,10,1,30,18.920007324218773,NA,NA,807,3.4339872044851463,5.391417.43.211317,2020-05-28,4
SPY201281,9.33806667,42.76975,2020-06-26,14,1,30,23.5100036621094,NA,NA,836,3.4339872044851463,9.338067.42.76975,2020-06-26,3
SPY201282,8.72526667,42.5801333,2020-06-19,29,0,30,20.350000000000023,8.6875,42.5625,829,3.4339872044851463,8.725267.42.580133,2020-06-19,1
SPY201283,9.18103333,42.7379333,2020-06-20,25,0,30,20.129998779296898,NA,NA,830,3.4339872044851463,9.181033.42.737933,2020-06-20,3
SPY201284,8.805335835000001,42.58895085,2020-06-03,14,0,30,20.189996337890648,8.8125,42.625,813,3.4339872044851463,8.805336.42.588951,2020-06-03,1
SPY201285,9.52113333,42.9478333,2020-06-22,69,0,30,21.7499938964844,NA,NA,832,3.4339872044851463,9.521133.42.947833,2020-06-22,5
SPY201286,9.20566667,42.76825,2020-06-20,69,0,30,20.129998779296898,NA,NA,830,3.4339872044851463,9.205667.42.76825,2020-06-20,3
SPY201287,8.72526667,42.5801333,2020-06-19,29,0,30,20.350000000000023,8.6875,42.5625,829,3.4339872044851463,8.725267.42.580133,2020-06-19,1
SPY201288,9.33206667,42.7682167,2020-06-24,40,1,30,22.519982910156273,NA,NA,834,3.4339872044851463,9.332067.42.768217,2020-06-24,3
SPY201289,5.62403333,43.1542,2020-05-26,46,0,30,19.119989013671898,NA,NA,805,3.4339872044851463,5.624033.43.1542,2020-05-26,4
SPY201290,8.85046917,42.60847915,2020-06-04,16,0,30,20.149987792968773,8.8125,42.625,814,3.4339872044851463,8.850469.42.608479,2020-06-04,1
SPY201944,9.40225,41.5286833,2020-06-07,45,0,30,19.779992675781273,NA,NA,817,3.4339872044851463,9.40225.41.528683,2020-06-07,1
SPY201945,8.72526667,42.5801333,2020-06-19,29,0,30,20.350000000000023,8.6875,42.5625,829,3.4339872044851463,8.725267.42.580133,2020-06-19,1
SPY201946,8.72526667,42.5801333,2020-06-19,29,0,30,20.350000000000023,8.6875,42.5625,829,3.4339872044851463,8.725267.42.580133,2020-06-19,1
SPY201947,9.27833333,41.4707,2020-06-07,12,0,30,19.779992675781273,9.3125,41.5,817,3.4339872044851463,9.278333.41.4707,2020-06-07,5
SPY201948,9.27833333,41.4707,2020-06-07,12,0,30,19.779992675781273,9.3125,41.5,817,3.4339872044851463,9.278333.41.4707,2020-06-07,5
SPY201949,9.40225,41.5286833,2020-06-07,45,0,30,19.779992675781273,NA,NA,817,3.4339872044851463,9.40225.41.528683,2020-06-07,1
SPY201950,8.74148333,42.5707333,2020-06-19,33,0,30,20.350000000000023,8.6875,42.5625,829,3.4339872044851463,8.741483.42.570733,2020-06-19,1
SPY201951,8.74148333,42.5707333,2020-06-19,33,0,30,20.350000000000023,8.6875,42.5625,829,3.4339872044851463,8.741483.42.570733,2020-06-19,1
SPY201952,3.1626700000000003,42.4629,2021-07-29,10,1,30,22.980004882812523,NA,NA,1234,3.4339872044851463,3.16267.42.4629,2021-07-29,5
SPY201953,3.162525,42.463245,2021-07-29,10,1,30,22.980004882812523,NA,NA,1234,3.4339872044851463,3.162525.42.463245,2021-07-29,5
SPY201954,9.33806667,42.76975,2020-06-26,14,1,30,23.5100036621094,NA,NA,836,3.4339872044851463,9.338067.42.76975,2020-06-26,3
SPY201955,9.52113333,42.9478333,2020-06-22,69,0,30,21.7499938964844,NA,NA,832,3.4339872044851463,9.521133.42.947833,2020-06-22,5
SPY201956,9.548833333,42.61238333,2021-05-25,29,0,30,16.909997558593773,NA,NA,1169,3.4339872044851463,9.548833.42.612383,2021-05-25,3
SPY201957,9.587983333,42.24525,2021-05-02,40,0,30,15.899987792968773,NA,NA,1146,3.4339872044851463,9.587983.42.24525,2021-05-02,5
SPY201958,9.595222,42.88921,2021-05-08,403,0,60,15.379998779296898,NA,NA,1152,4.110873864173311,9.595222.42.88921,2021-05-08,3
SPY201959,9.33903333,42.7478833,2020-06-25,18,1,30,23.059991455078148,NA,NA,835,3.4339872044851463,9.339033.42.747883,2020-06-25,3
SPY201960,9.51398333,43.1719333,2020-07-20,120,0,30,24.409997558593773,NA,NA,860,3.4339872044851463,9.513983.43.171933,2020-07-20,5
SPY201961,3.16207,42.462775,2021-07-29,43,1,30,22.980004882812523,NA,NA,1234,3.4339872044851463,3.16207.42.462775,2021-07-29,5
SPY201962,3.1623900000000003,42.46319,2021-07-29,43,1,30,22.980004882812523,NA,NA,1234,3.4339872044851463,3.16239.42.46319,2021-07-29,5
SPY201963,9.546716667,42.39951667,2021-05-01,15,0,30,15.829980468750025,NA,NA,1145,3.4339872044851463,9.546717.42.399517,2021-05-01,5
SPY201964,9.58798985,42.24526107,2021-05-02,40,0,30,15.899987792968773,NA,NA,1146,3.4339872044851463,9.58799.42.245261,2021-05-02,5
SPY201965,9.548833333,42.61238333,2021-05-25,29,0,30,16.909997558593773,NA,NA,1169,3.4339872044851463,9.548833.42.612383,2021-05-25,3
SPY201966,9.546716667,42.39951667,2021-05-01,15,0,30,15.829980468750025,NA,NA,1145,3.4339872044851463,9.546717.42.399517,2021-05-01,5
SPY202491,9.310455,41.365495,2020-07-22,32,0,30,25.480004882812523,NA,NA,862,3.4339872044851463,9.310455.41.365495,2020-07-22,1
SPY202492,8.84333,41.508215,2020-07-21,37,0,30,25.179986572265648,NA,NA,861,3.4339872044851463,8.84333.41.508215,2020-07-21,5
SPY202493,9.48981,42.86569,2020-07-30,31,0,30,27.2399841308594,NA,NA,870,3.4339872044851463,9.48981.42.86569,2020-07-30,3
SPY202494,9.12321,42.734345000000005,2020-07-27,23,0,30,25.4899841308594,NA,NA,867,3.4339872044851463,9.12321.42.734345,2020-07-27,3
SPY202495,9.311635,41.364735,2020-07-22,32,0,30,25.480004882812523,NA,NA,862,3.4339872044851463,9.311635.41.364735,2020-07-22,1
SPY202496,8.8983465,41.450855,2020-07-21,41,1,30,25.079980468750023,NA,NA,861,3.4339872044851463,8.898347.41.450855,2020-07-21,5
SPY202498,8.8983465,41.450855,2020-07-21,41,1,30,25.079980468750023,NA,NA,861,3.4339872044851463,8.898347.41.450855,2020-07-21,5
SPY202499,8.8432,41.5091,2020-07-21,23,0,30,25.179986572265648,NA,NA,861,3.4339872044851463,8.8432.41.5091,2020-07-21,5
SPY202500,9.25822,41.315470000000005,2020-07-22,21,0,30,25.230004882812523,NA,NA,862,3.4339872044851463,9.25822.41.31547,2020-07-22,1
SPY202505,3.534355771,43.35658741,2021-10-11,2,0,30,18.939996337890648,3.625,43.3125,1308,3.4339872044851463,3.534356.43.356587,2021-10-11,5
SPY202506,9.47118,42.75926,2020-07-31,14,0,30,27.609979248046898,NA,NA,871,3.4339872044851463,9.47118.42.75926,2020-07-31,3
SPY202509,9.470085,42.75902,2020-07-31,35,0,30,27.609979248046898,NA,NA,871,3.4339872044851463,9.470085.42.75902,2020-07-31,3
SPY202510,9.487545,42.864905,2020-07-30,31,0,30,27.2399841308594,NA,NA,870,3.4339872044851463,9.487545.42.864905,2020-07-30,3
SPY202514,9.470085,42.75902,2020-07-31,35,0,30,27.609979248046898,NA,NA,871,3.4339872044851463,9.470085.42.75902,2020-07-31,3
SPY202515,9.487545,42.864905,2020-07-30,31,0,30,27.2399841308594,NA,NA,870,3.4339872044851463,9.487545.42.864905,2020-07-30,3
SPY202519,3.534355771,43.35658741,2021-10-11,2,0,30,18.939996337890648,3.625,43.3125,1308,3.4339872044851463,3.534356.43.356587,2021-10-11,5
SPY202520,3.534355771,43.35658741,2021-10-11,2,0,30,18.939996337890648,3.625,43.3125,1308,3.4339872044851463,3.534356.43.356587,2021-10-11,5
SPY210635,9.114833333,42.75256667,2021-05-23,47,0,30,17.629998779296898,NA,NA,1167,3.4339872044851463,9.114833.42.752567,2021-05-23,3
SPY210636,9.542066667,42.49483333,2021-05-04,13,0,30,15.820001220703148,NA,NA,1148,3.4339872044851463,9.542067.42.494833,2021-05-04,5
SPY210637,3.1628,42.464125,2021-07-29,10,1,30,22.980004882812523,NA,NA,1234,3.4339872044851463,3.1628.42.464125,2021-07-29,5
SPY210638,3.96405,43.51835,2024-06-07,11,0,30,18.369989013671898,3.9375,43.5,2278,3.4339872044851463,3.96405.43.51835,2024-06-07,4
SPY210640,9.542066667,42.49483333,2021-05-04,13,0,30,15.820001220703148,NA,NA,1148,3.4339872044851463,9.542067.42.494833,2021-05-04,5
SPY210641,9.595133333,42.52353333,2021-05-27,38,0,30,17.579980468750023,NA,NA,1171,3.4339872044851463,9.595133.42.523533,2021-05-27,5
SPY210642,9.595133333,42.52353333,2021-05-27,38,0,30,17.579980468750023,NA,NA,1171,3.4339872044851463,9.595133.42.523533,2021-05-27,5
SPY210643,9.117033333,42.74753333,2021-05-22,37,0,30,16.969995117187523,NA,NA,1166,3.4339872044851463,9.117033.42.747533,2021-05-22,3
SPY210644,9.117033333,42.74753333,2021-05-22,37,0,30,16.969995117187523,NA,NA,1166,3.4339872044851463,9.117033.42.747533,2021-05-22,3
SPY210645,9.20635833,42.74630835,2021-04-27,38,0,30,15.170007324218773,NA,NA,1141,3.4339872044851463,9.206358.42.746308,2021-04-27,3
SPY210646,9.595222,42.88921,2021-05-08,403,0,60,15.379998779296898,NA,NA,1152,4.110873864173311,9.595222.42.88921,2021-05-08,3
SPY210647,9.478616667,41.92035,2021-04-28,49,0,30,15.510003662109398,NA,NA,1142,3.4339872044851463,9.478617.41.92035,2021-04-28,4
SPY210648,9.116683333,42.73183333,2021-05-23,14,0,30,17.629998779296898,NA,NA,1167,3.4339872044851463,9.116683.42.731833,2021-05-23,3
SPY210649,3.1624600000000003,42.463185,2021-07-29,43,1,30,22.980004882812523,NA,NA,1234,3.4339872044851463,3.16246.42.463185,2021-07-29,5
SPY210650,9.330141665,42.79091665,2021-04-27,55,1,30,15.209985351562525,NA,NA,1141,3.4339872044851463,9.330142.42.790917,2021-04-27,3
SPY210651,9.114833333,42.75256667,2021-05-23,47,0,30,17.629998779296898,NA,NA,1167,3.4339872044851463,9.114833.42.752567,2021-05-23,3
SPY210652,9.478616667,41.92035,2021-04-28,49,0,30,15.510003662109398,NA,NA,1142,3.4339872044851463,9.478617.41.92035,2021-04-28,4
SPY210653,9.116683333,42.73183333,2021-05-23,14,0,30,17.629998779296898,NA,NA,1167,3.4339872044851463,9.116683.42.731833,2021-05-23,3
SPY210654,3.1624600000000003,42.463185,2021-07-29,43,1,30,22.980004882812523,NA,NA,1234,3.4339872044851463,3.16246.42.463185,2021-07-29,5
SPY210655,9.327625,42.768875,2021-04-27,55,1,30,15.209985351562525,NA,NA,1141,3.4339872044851463,9.327625.42.768875,2021-04-27,3
SPY210656,9.328600000000002,42.74799165,2021-04-27,75,1,30,15.209985351562525,NA,NA,1141,3.4339872044851463,9.3286.42.747992,2021-04-27,3
SPY210657,9.25184167,42.72793335,2021-04-27,41,0,30,15.209985351562525,NA,NA,1141,3.4339872044851463,9.251842.42.727933,2021-04-27,3
SPY210658,9.137333335,42.75154165,2021-04-27,40,0,30,15.049981689453148,NA,NA,1141,3.4339872044851463,9.137333.42.751542,2021-04-27,3
SPY210659,9.159408335,42.7500167,2021-04-27,42,0,30,15.170007324218773,NA,NA,1141,3.4339872044851463,9.159408.42.750017,2021-04-27,3
SPY210660,9.319333335,42.729033349999995,2021-04-27,38,1,30,15.209985351562525,NA,NA,1141,3.4339872044851463,9.319333.42.729033,2021-04-27,3
SPY210661,9.292891665,42.7129417,2021-04-27,54,0,30,15.209985351562525,9.3125,42.75,1141,3.4339872044851463,9.292892.42.712942,2021-04-27,3
SPY210662,9.228533335000002,42.74099165,2021-04-27,38,0,30,15.209985351562525,NA,NA,1141,3.4339872044851463,9.228533.42.740992,2021-04-27,3
SPY210663,9.181775,42.7480583,2021-04-27,48,0,30,15.170007324218773,NA,NA,1141,3.4339872044851463,9.181775.42.748058,2021-04-27,3
SPY210664,9.060733335,42.714875000000006,2021-04-25,49,0,30,14.579980468750025,NA,NA,1139,3.4339872044851463,9.060733.42.714875,2021-04-25,3
SPY210665,9.09570833,42.743308299999995,2021-04-27,45,0,30,15.049981689453148,NA,NA,1141,3.4339872044851463,9.095708.42.743308,2021-04-27,3
SPY210666,9.43370833,43.01590835,2021-04-28,41,0,30,15.439996337890648,NA,NA,1142,3.4339872044851463,9.433708.43.015908,2021-04-28,5
SPY210667,9.49243333,42.64379165,2021-04-29,44,0,30,15.350000000000025,NA,NA,1143,3.4339872044851463,9.492433.42.643792,2021-04-29,3
SPY210668,9.607258335,42.56411665,2021-04-29,39,0,30,15.420007324218773,NA,NA,1143,3.4339872044851463,9.607258.42.564117,2021-04-29,5
SPY210669,9.60499167,42.54494165,2021-04-29,40,0,30,15.420007324218773,NA,NA,1143,3.4339872044851463,9.604992.42.544942,2021-04-29,5
SPY210670,9.077166665,42.7296583,2021-04-27,49,0,30,14.909997558593773,NA,NA,1141,3.4339872044851463,9.077167.42.729658,2021-04-27,3
SPY210671,9.10917,42.7509,2021-04-27,50,0,30,15.049981689453148,NA,NA,1141,3.4339872044851463,9.10917.42.7509,2021-04-27,3
SPY210672,9.542908333500002,42.618624999999994,2021-04-29,41,0,30,15.390008544921898,NA,NA,1143,3.4339872044851463,9.542908.42.618625,2021-04-29,3
SPY210673,9.5208416685,42.628949985000006,2021-04-29,42,0,30,15.350000000000025,NA,NA,1143,3.4339872044851463,9.520842.42.62895,2021-04-29,3
SPY210674,9.481991665,42.6508583,2021-04-29,44,0,30,15.350000000000025,NA,NA,1143,3.4339872044851463,9.481992.42.650858,2021-04-29,3
SPY210675,9.586733335,42.5960833,2021-04-29,40,0,30,15.390008544921898,NA,NA,1143,3.4339872044851463,9.586733.42.596083,2021-04-29,3
SPY210676,9.48774167,42.7768,2021-04-28,43,0,30,15.679986572265648,NA,NA,1142,3.4339872044851463,9.487742.42.7768,2021-04-28,3
SPY210677,9.597658335,42.580966700000005,2021-04-29,37,0,30,15.420007324218773,NA,NA,1143,3.4339872044851463,9.597658.42.580967,2021-04-29,3
SPY210678,9.566716665,42.608858299999994,2021-04-29,47,0,30,15.390008544921898,NA,NA,1143,3.4339872044851463,9.566717.42.608858,2021-04-29,3
SPY210679,9.477341665,42.757725,2021-04-28,37,0,30,15.679986572265648,NA,NA,1142,3.4339872044851463,9.477342.42.757725,2021-04-28,3
SPY210680,9.50020833,42.79440835,2021-04-28,49,0,30,15.640008544921898,NA,NA,1142,3.4339872044851463,9.500208.42.794408,2021-04-28,3
SPY210681,9.497975,42.8704083,2021-04-28,49,0,30,15.619989013671898,NA,NA,1142,3.4339872044851463,9.497975.42.870408,2021-04-28,3
SPY210682,9.502733335,42.89175835,2021-04-28,38,0,30,15.619989013671898,NA,NA,1142,3.4339872044851463,9.502733.42.891758,2021-04-28,5
SPY210683,9.4671,42.735508300000006,2021-04-28,38,0,30,15.679986572265648,9.5,42.75,1142,3.4339872044851463,9.4671.42.735508,2021-04-28,3
SPY210684,9.507483335,42.81156665,2021-04-28,34,0,30,15.640008544921898,NA,NA,1142,3.4339872044851463,9.507483.42.811567,2021-04-28,3
SPY210685,9.499383335,42.8503917,2021-04-28,44,0,30,15.619989013671898,NA,NA,1142,3.4339872044851463,9.499383.42.850392,2021-04-28,3
SPY210686,9.498575,42.91088335,2021-04-28,42,0,30,15.609979248046898,NA,NA,1142,3.4339872044851463,9.498575.42.910883,2021-04-28,5
SPY210687,9.490041665,42.95150835,2021-04-28,44,0,30,15.609979248046898,NA,NA,1142,3.4339872044851463,9.490042.42.951508,2021-04-28,5
SPY210688,9.48455,43.005174999999994,2021-04-28,39,0,30,15.609979248046898,NA,NA,1142,3.4339872044851463,9.48455.43.005175,2021-04-28,5
SPY210689,9.460633335,43.011675,2021-04-28,41,0,30,15.439996337890648,NA,NA,1142,3.4339872044851463,9.460633.43.011675,2021-04-28,5
SPY210690,9.505558335,42.8310167,2021-04-28,46,0,30,15.640008544921898,NA,NA,1142,3.4339872044851463,9.505558.42.831017,2021-04-28,3
SPY210691,9.4938,42.93180835,2021-04-28,40,0,30,15.609979248046898,NA,NA,1142,3.4339872044851463,9.4938.42.931808,2021-04-28,5
SPY210692,9.491016665,42.971425,2021-04-28,39,0,30,15.609979248046898,NA,NA,1142,3.4339872044851463,9.491017.42.971425,2021-04-28,5
SPY210693,9.4116,43.02663335,2021-04-28,36,0,30,15.439996337890648,NA,NA,1142,3.4339872044851463,9.4116.43.026633,2021-04-28,5
SPY210694,9.49373333,42.990325,2021-04-28,39,0,30,15.609979248046898,NA,NA,1142,3.4339872044851463,9.493733.42.990325,2021-04-28,5
SPY210695,9.49404167,41.9597667,2020-04-30,39,0,30,16.230004882812523,NA,NA,779,3.4339872044851463,9.494042.41.959767,2020-04-30,4
SPY210696,9.421308335,41.84055,2021-05-01,43,0,30,16.040002441406273,NA,NA,1145,3.4339872044851463,9.421308.41.84055,2021-05-01,4
SPY210697,9.41095833,41.81188335,2021-05-01,26,0,30,16.040002441406273,NA,NA,1145,3.4339872044851463,9.410958.41.811883,2021-05-01,4
SPY210698,9.439741665,41.883625,2021-05-01,39,0,30,16.100000000000023,NA,NA,1145,3.4339872044851463,9.439742.41.883625,2021-05-01,4
SPY210699,9.429708335,41.86186665,2021-05-01,43,0,30,16.100000000000023,NA,NA,1145,3.4339872044851463,9.429708.41.861867,2021-05-01,4
SPY210700,9.512083335,41.9801,2020-04-30,38,0,30,16.329980468750023,NA,NA,779,3.4339872044851463,9.512083.41.9801,2020-04-30,3
SPY210701,9.570083333,42.055666665,2021-04-30,37,0,30,16.119989013671898,NA,NA,1144,3.4339872044851463,9.570083.42.055667,2021-04-30,3
SPY210702,9.582741665,42.144324999999995,2020-04-30,38,0,30,16.399987792968773,NA,NA,779,3.4339872044851463,9.582742.42.144325,2020-04-30,3
SPY210703,9.587166665,42.09670835,2020-04-30,34,0,30,16.399987792968773,NA,NA,779,3.4339872044851463,9.587167.42.096708,2020-04-30,3
SPY210704,9.582675,42.16591665,2020-04-30,37,0,30,16.459985351562523,NA,NA,779,3.4339872044851463,9.582675.42.165917,2020-04-30,5
SPY210705,9.4527333335,41.903616665,2021-05-01,39,0,30,16.100000000000023,NA,NA,1145,3.4339872044851463,9.452733.41.903617,2021-05-01,4
SPY210706,9.58175,42.074625,2020-04-30,37,0,30,16.359979248046898,NA,NA,779,3.4339872044851463,9.58175.42.074625,2020-04-30,3
SPY210707,9.587516665,42.2363583,2020-04-30,40,0,30,16.469995117187523,NA,NA,779,3.4339872044851463,9.587517.42.236358,2020-04-30,5
SPY210708,9.586508335,42.21378335,2020-04-30,37,0,30,16.459985351562523,NA,NA,779,3.4339872044851463,9.586508.42.213783,2020-04-30,5
SPY210709,9.58545833,42.12031665000001,2020-04-30,38,0,30,16.399987792968773,NA,NA,779,3.4339872044851463,9.585458.42.120317,2020-04-30,3
SPY210710,9.4585,41.9138,2021-05-01,40,0,30,16.100000000000023,NA,NA,1145,3.4339872044851463,9.4585.41.9138,2021-05-01,4
SPY210711,9.541175,42.017825,2020-04-30,36,0,30,16.320001220703148,NA,NA,779,3.4339872044851463,9.541175.42.017825,2020-04-30,3
SPY210712,9.5839,42.436925,2021-04-29,40,0,30,15.469995117187525,NA,NA,1143,3.4339872044851463,9.5839.42.436925,2021-04-29,5
SPY210713,9.584325,42.4558167,2021-04-29,39,0,30,15.469995117187525,NA,NA,1143,3.4339872044851463,9.584325.42.455817,2021-04-29,5
SPY210714,9.569041665,42.37743335,2021-04-29,40,0,30,15.499993896484398,NA,NA,1143,3.4339872044851463,9.569042.42.377433,2021-04-29,5
SPY210715,9.52698333,41.99919165,2020-04-30,41,0,30,16.329980468750023,NA,NA,779,3.4339872044851463,9.526983.41.999192,2020-04-30,3
SPY210716,9.55668333,42.03776665,2020-04-30,37,0,30,16.359979248046898,NA,NA,779,3.4339872044851463,9.556683.42.037767,2020-04-30,3
SPY210717,9.583,42.47329165,2021-04-29,39,0,30,15.420007324218773,NA,NA,1143,3.4339872044851463,9.583.42.473292,2021-04-29,5
SPY210718,9.574916665,42.397825,2021-04-29,39,0,30,15.499993896484398,NA,NA,1143,3.4339872044851463,9.574917.42.397825,2021-04-29,5
SPY210719,9.579625,42.417483335,2021-04-29,41,0,30,15.469995117187525,NA,NA,1143,3.4339872044851463,9.579625.42.417483,2021-04-29,5
SPY210720,9.569958335,42.3315833,2021-04-29,38,0,30,15.579980468750025,NA,NA,1143,3.4339872044851463,9.569958.42.331583,2021-04-29,5
SPY210721,9.59585,42.527241665000005,2021-04-29,40,0,30,15.489984130859398,NA,NA,1143,3.4339872044851463,9.59585.42.527242,2021-04-29,5
SPY210722,9.58585,42.491616699999994,2021-04-29,40,0,30,15.420007324218773,NA,NA,1143,3.4339872044851463,9.58585.42.491617,2021-04-29,5
SPY210723,9.5902666665,42.510133335,2021-04-29,38,0,30,15.420007324218773,NA,NA,1143,3.4339872044851463,9.590267.42.510133,2021-04-29,5
SPY210724,9.56741667,42.3541083,2021-04-29,43,0,30,15.499993896484398,NA,NA,1143,3.4339872044851463,9.567417.42.354108,2021-04-29,5
SPY210725,9.58414167,42.189049999999995,2020-04-30,40,0,30,16.459985351562523,NA,NA,779,3.4339872044851463,9.584142.42.18905,2020-04-30,5
SPY210726,9.589333335,42.2595833,2020-04-30,39,0,30,16.469995117187523,NA,NA,779,3.4339872044851463,9.589333.42.259583,2020-04-30,5
SPY210727,9.581825,42.310566699999995,2020-04-30,40,0,30,16.480004882812523,NA,NA,779,3.4339872044851463,9.581825.42.310567,2020-04-30,5
SPY210728,9.58888333,42.28654165,2020-04-30,40,0,30,16.480004882812523,NA,NA,779,3.4339872044851463,9.588883.42.286542,2020-04-30,5
SPY211044,5.664383333,43.17868333,2021-06-07,17,0,30,18.809991455078148,5.6875,43.125,1182,3.4339872044851463,5.664383.43.178683,2021-06-07,4
SPY211045,5.624033333,43.1542,2021-06-07,46,0,30,18.820001220703148,NA,NA,1182,3.4339872044851463,5.624033.43.1542,2021-06-07,4
SPY211046,5.624033333,43.1542,2021-06-07,46,0,30,18.820001220703148,NA,NA,1182,3.4339872044851463,5.624033.43.1542,2021-06-07,4
SPY211047,5.664383333,43.17868333,2021-06-07,17,0,30,18.809991455078148,5.6875,43.125,1182,3.4339872044851463,5.664383.43.178683,2021-06-07,4
SPY211048,5.372916667,43.19448333,2021-06-09,29,0,30,19.719995117187523,NA,NA,1184,3.4339872044851463,5.372917.43.194483,2021-06-09,4
SPY211049,5.284316667,43.28078333,2021-06-10,39,0,30,19.9899841308594,NA,NA,1185,3.4339872044851463,5.284317.43.280783,2021-06-10,4
SPY211050,5.284316667,43.28078333,2021-06-10,39,0,30,19.9899841308594,NA,NA,1185,3.4339872044851463,5.284317.43.280783,2021-06-10,4
SPY211051,5.54325,43.20245,2021-06-08,17,0,30,18.920007324218773,5.5,43.1875,1183,3.4339872044851463,5.54325.43.20245,2021-06-08,4
SPY211052,3.18115,42.4415,2021-06-03,36,0,30,17.239984130859398,NA,NA,1178,3.4339872044851463,3.18115.42.4415,2021-06-03,5
SPY211053,3.133183333,42.50228333,2021-06-02,9,0,30,17.189996337890648,3.1875,42.5,1177,3.4339872044851463,3.133183.42.502283,2021-06-02,5
SPY211054,5.288383333,43.26893333,2021-06-10,39,0,30,19.9899841308594,NA,NA,1185,3.4339872044851463,5.288383.43.268933,2021-06-10,4
SPY211055,5.288383333,43.26893333,2021-06-10,39,0,30,19.9899841308594,NA,NA,1185,3.4339872044851463,5.288383.43.268933,2021-06-10,4
SPY211056,5.089366667,43.31041667,2021-06-11,48,0,30,20.570001220703148,NA,NA,1186,3.4339872044851463,5.089367.43.310417,2021-06-11,5
SPY211057,3.133183333,42.50228333,2021-06-02,9,0,30,17.189996337890648,3.1875,42.5,1177,3.4339872044851463,3.133183.42.502283,2021-06-02,5
SPY211058,3.18115,42.4415,2021-06-03,36,0,30,17.239984130859398,NA,NA,1178,3.4339872044851463,3.18115.42.4415,2021-06-03,5
SPY211059,5.166766667,43.32465,2021-06-11,20,1,30,20.769982910156273,5.1875,43.25,1186,3.4339872044851463,5.166767.43.32465,2021-06-11,4
SPY211060,5.166766667,43.32465,2021-06-11,20,1,30,20.769982910156273,5.1875,43.25,1186,3.4339872044851463,5.166767.43.32465,2021-06-11,4
SPY211061,3.515666667,43.25118333,2022-06-14,19,0,30,20.7600036621094,NA,NA,1554,3.4339872044851463,3.515667.43.251183,2022-06-14,5
SPY211062,5.372916667,43.19448333,2021-06-09,29,0,30,19.719995117187523,NA,NA,1184,3.4339872044851463,5.372917.43.194483,2021-06-09,4
SPY211063,5.54325,43.20245,2021-06-08,17,0,30,18.920007324218773,5.5,43.1875,1183,3.4339872044851463,5.54325.43.20245,2021-06-08,4
SPY211064,5.089366667,43.31041667,2021-06-11,48,0,30,20.570001220703148,NA,NA,1186,3.4339872044851463,5.089367.43.310417,2021-06-11,5
SPY211065,3.467933333,43.27275,2022-06-14,4,0,30,20.570001220703148,NA,NA,1554,3.4339872044851463,3.467933.43.27275,2022-06-14,5
SPY211066,3.515666667,43.25118333,2022-06-14,19,0,30,20.7600036621094,NA,NA,1554,3.4339872044851463,3.515667.43.251183,2022-06-14,5
SPY211067,9.520816667,43.13081667,2022-08-01,111,0,30,27.950006103515648,NA,NA,1602,3.4339872044851463,9.520817.43.130817,2022-08-01,5
SPY211068,3.96405,43.51835,2021-05-31,11,0,30,17.950006103515648,NA,NA,1175,3.4339872044851463,3.96405.43.51835,2021-05-31,4
SPY211069,5.861516667,43.04231667,2021-06-15,16,0,30,22.709985351562523,5.875,43,1190,3.4339872044851463,5.861517.43.042317,2021-06-15,2
SPY211070,5.861516667,43.04231667,2021-06-15,16,0,30,22.709985351562523,5.875,43,1190,3.4339872044851463,5.861517.43.042317,2021-06-15,2
SPY211071,5.839833333,43.0467,2021-06-15,12,0,30,22.670007324218773,5.8125,43,1190,3.4339872044851463,5.839833.43.0467,2021-06-15,2
SPY211072,5.839833333,43.0467,2021-06-15,12,0,30,22.670007324218773,5.8125,43,1190,3.4339872044851463,5.839833.43.0467,2021-06-15,2
SPY211073,3.96405,43.51835,2021-05-31,11,0,30,17.950006103515648,NA,NA,1175,3.4339872044851463,3.96405.43.51835,2021-05-31,4
SPY211138,5.3876083349999995,43.170181665,2021-06-16,63,0,30,23.9999938964844,NA,NA,1191,3.4339872044851463,5.387608.43.170182,2021-06-16,4
SPY211170,5.373383335,43.176591665,2021-10-18,30,1,30,20.399987792968773,NA,NA,1315,3.4339872044851463,5.373383.43.176592,2021-10-18,4
SPY211182,5.373383335,43.176591665,2021-10-18,30,1,30,20.399987792968773,NA,NA,1315,3.4339872044851463,5.373383.43.176592,2021-10-18,4
SPY211183,5.394275,43.169975,2021-10-19,57,0,15,20.379998779296898,NA,NA,1316,2.772588722239781,5.394275.43.169975,2021-10-19,4
SPY211262,9.588473,42.805446,2021-05-31,401,0,60,18.9999938964844,NA,NA,1175,4.110873864173311,9.588473.42.805446,2021-05-31,3
SPY211263,9.267654,42.946636,2021-06-01,890,0,60,18.209985351562523,NA,NA,1176,4.110873864173311,9.267654.42.946636,2021-06-01,3
SPY211266,9.0549135,42.6611735,2021-06-03,9,0,30,18.730004882812523,NA,NA,1178,3.4339872044851463,9.054913.42.661173,2021-06-03,1
SPY211268,9.285303,42.797918,2021-06-01,624,0,60,18.519982910156273,NA,NA,1176,4.110873864173311,9.285303.42.797918,2021-06-01,3
SPY211273,9.586098,42.803754,2021-06-09,390,0,60,20.179986572265648,NA,NA,1184,4.110873864173311,9.586098.42.803754,2021-06-09,3
SPY211274,9.290405,42.67732,2021-06-06,4,0,30,20.959985351562523,9.3125,42.75,1181,3.4339872044851463,9.290405.42.67732,2021-06-06,3
SPY211275,8.89072,42.946849,2021-06-04,1437,0,60,19.7600036621094,NA,NA,1179,4.110873864173311,8.89072.42.946849,2021-06-04,1
SPY211277,9.586098,42.803754,2021-06-09,390,0,60,20.179986572265648,NA,NA,1184,4.110873864173311,9.586098.42.803754,2021-06-09,3
SPY211278,9.290405,42.67732,2021-06-06,4,0,30,20.959985351562523,9.3125,42.75,1181,3.4339872044851463,9.290405.42.67732,2021-06-06,3
SPY211279,9.10835,42.817489,2021-06-06,399,0,60,20.519982910156273,NA,NA,1181,4.110873864173311,9.10835.42.817489,2021-06-06,3
SPY211280,9.0549135,42.6611735,2021-06-03,9,0,30,18.730004882812523,NA,NA,1178,3.4339872044851463,9.054913.42.661173,2021-06-03,1
SPY211282,8.89072,42.946849,2021-06-04,1437,0,60,19.7600036621094,NA,NA,1179,4.110873864173311,8.89072.42.946849,2021-06-04,1
SPY211284,8.885767,42.954025,2021-06-04,1433,0,60,19.7600036621094,NA,NA,1179,4.110873864173311,8.885767.42.954025,2021-06-04,1
SPY211285,9.054546,42.661844,2021-06-03,9,0,20,18.730004882812523,NA,NA,1178,3.044522437723423,9.054546.42.661844,2021-06-03,1
SPY211286,9.10835,42.817489,2021-06-06,399,0,60,20.519982910156273,NA,NA,1181,4.110873864173311,9.10835.42.817489,2021-06-06,3
SPY211289,9.284043,43.030129,2021-06-01,617,0,60,18.209985351562523,NA,NA,1176,4.110873864173311,9.284043.43.030129,2021-06-01,1
SPY211290,9.284043,43.030129,2021-06-01,617,0,60,18.209985351562523,NA,NA,1176,4.110873864173311,9.284043.43.030129,2021-06-01,1
SPY211299,9.124934,43.090937,2021-06-02,1051,0,60,18.209985351562523,NA,NA,1177,4.110873864173311,9.124934.43.090937,2021-06-02,1
SPY211300,9.004747,42.70945,2021-06-03,343,0,60,18.769982910156273,NA,NA,1178,4.110873864173311,9.004747.42.70945,2021-06-03,1
SPY211301,9.567457,42.965468,2021-06-08,213,0,60,20.570001220703148,NA,NA,1183,4.110873864173311,9.567457.42.965468,2021-06-08,5
SPY211302,9.004747,42.70945,2021-06-03,343,0,60,18.769982910156273,NA,NA,1178,4.110873864173311,9.004747.42.70945,2021-06-03,1
SPY211303,9.124934,43.090937,2021-06-02,1051,0,60,18.209985351562523,NA,NA,1177,4.110873864173311,9.124934.43.090937,2021-06-02,1
SPY211304,9.267654,42.946636,2021-06-01,890,0,60,18.209985351562523,NA,NA,1176,4.110873864173311,9.267654.42.946636,2021-06-01,3
SPY211305,9.285303,42.797918,2021-06-01,624,0,60,18.519982910156273,NA,NA,1176,4.110873864173311,9.285303.42.797918,2021-06-01,3
SPY211306,8.885767,42.954025,2021-06-04,1433,0,60,19.7600036621094,NA,NA,1179,4.110873864173311,8.885767.42.954025,2021-06-04,1
SPY211307,9.257568,42.872828,2021-06-02,773,0,60,18.519982910156273,NA,NA,1177,4.110873864173311,9.257568.42.872828,2021-06-02,3
SPY211309,9.257568,42.872828,2021-06-02,773,0,60,18.519982910156273,NA,NA,1177,4.110873864173311,9.257568.42.872828,2021-06-02,3
SPY211310,9.567457,42.965468,2021-06-08,213,0,60,20.570001220703148,NA,NA,1183,4.110873864173311,9.567457.42.965468,2021-06-08,5
SPY211311,9.588473,42.805446,2021-05-31,401,0,60,18.9999938964844,NA,NA,1175,4.110873864173311,9.588473.42.805446,2021-05-31,3
SPY212584,9.498933333,43.24538333,2021-07-06,119,0,30,23.299981689453148,NA,NA,1211,3.4339872044851463,9.498933.43.245383,2021-07-06,5
SPY212585,9.498933333,43.24538333,2021-07-06,119,0,30,23.299981689453148,NA,NA,1211,3.4339872044851463,9.498933.43.245383,2021-07-06,5
SPY212586,9.495916667,43.24716667,2021-07-07,121,0,30,23.7399841308594,NA,NA,1212,3.4339872044851463,9.495917.43.247167,2021-07-07,5
SPY212587,9.495916667,43.24716667,2021-07-07,121,0,30,23.7399841308594,NA,NA,1212,3.4339872044851463,9.495917.43.247167,2021-07-07,5
SPY212588,9.513933333,43.18318333,2021-07-04,113,0,30,23.829980468750023,NA,NA,1209,3.4339872044851463,9.513933.43.183183,2021-07-04,5
SPY212589,9.513933333,43.18318333,2021-07-04,113,0,30,23.829980468750023,NA,NA,1209,3.4339872044851463,9.513933.43.183183,2021-07-04,5
SPY212678,3.4892166665,39.64435,2021-07-27,46,0,45,26.399987792968773,NA,NA,1232,3.828641396489095,3.489217.39.64435,2021-07-27,5
SPY212679,3.651875,39.75295,2021-07-23,74,0,45,26.549981689453148,NA,NA,1228,3.828641396489095,3.651875.39.75295,2021-07-23,5
SPY212680,3.5698666665,39.798683335,2021-07-28,64,0,45,26.390008544921898,NA,NA,1233,3.828641396489095,3.569867.39.798683,2021-07-28,5
SPY212681,3.4892166665,39.64435,2021-07-27,46,0,45,26.399987792968773,NA,NA,1232,3.828641396489095,3.489217.39.64435,2021-07-27,5
SPY212682,3.481908333,39.844716665,2021-07-21,65,0,45,25.7399841308594,NA,NA,1226,3.828641396489095,3.481908.39.844717,2021-07-21,5
SPY212683,3.556,39.81669167,2021-07-22,65,0,45,26.219995117187523,NA,NA,1227,3.828641396489095,3.556.39.816692,2021-07-22,5
SPY212684,3.5027666670000004,39.68516667,2021-07-27,49,0,45,26.409997558593773,3.5625,39.6875,1232,3.828641396489095,3.502767.39.685167,2021-07-27,5
SPY212685,3.6244166665,39.797275,2021-07-29,72,0,45,26.5100036621094,NA,NA,1234,3.828641396489095,3.624417.39.797275,2021-07-29,5
SPY212686,3.536613333,39.7219,2021-07-20,57,0,45,25.890008544921898,NA,NA,1225,3.828641396489095,3.536613.39.7219,2021-07-20,5
SPY212687,3.6244166665,39.797275,2021-07-29,72,0,45,26.5100036621094,NA,NA,1234,3.828641396489095,3.624417.39.797275,2021-07-29,5
SPY212688,3.5027666670000004,39.68516667,2021-07-27,49,0,45,26.409997558593773,3.5625,39.6875,1232,3.828641396489095,3.502767.39.685167,2021-07-27,5
SPY212689,3.651875,39.75295,2021-07-23,74,0,45,26.549981689453148,NA,NA,1228,3.828641396489095,3.651875.39.75295,2021-07-23,5
SPY212690,3.5698666665,39.798683335,2021-07-28,64,0,45,26.390008544921898,NA,NA,1233,3.828641396489095,3.569867.39.798683,2021-07-28,5
SPY212691,3.579875,39.753691665,2021-07-23,61,0,45,26.420007324218773,NA,NA,1228,3.828641396489095,3.579875.39.753692,2021-07-23,5
SPY212692,3.536613333,39.7219,2021-07-20,57,0,45,25.890008544921898,NA,NA,1225,3.828641396489095,3.536613.39.7219,2021-07-20,5
SPY212693,3.4889333330000003,39.796216665,2021-07-21,52,0,45,25.7600036621094,NA,NA,1226,3.828641396489095,3.488933.39.796217,2021-07-21,5
SPY212694,3.579875,39.753691665,2021-07-23,61,0,45,26.420007324218773,NA,NA,1228,3.828641396489095,3.579875.39.753692,2021-07-23,5
SPY212695,3.481908333,39.844716665,2021-07-21,65,0,45,25.7399841308594,NA,NA,1226,3.828641396489095,3.481908.39.844717,2021-07-21,5
SPY212696,3.556,39.81669167,2021-07-22,65,0,45,26.219995117187523,NA,NA,1227,3.828641396489095,3.556.39.816692,2021-07-22,5
SPY212697,3.4889333330000003,39.796216665,2021-07-21,52,0,45,25.7600036621094,NA,NA,1226,3.828641396489095,3.488933.39.796217,2021-07-21,5
SPY212710,5.381425,43.168025,2021-07-22,78,0,30,21.909997558593773,NA,NA,1227,3.4339872044851463,5.381425.43.168025,2021-07-22,4
SPY212711,5.38288,43.17782,2021-07-21,42,1,30,21.2600036621094,NA,NA,1226,3.4339872044851463,5.38288.43.17782,2021-07-21,4
SPY212712,5.381425,43.168025,2021-07-22,78,0,30,21.909997558593773,NA,NA,1227,3.4339872044851463,5.381425.43.168025,2021-07-22,4
SPY212713,5.38488,43.176655,2021-07-21,78,1,30,21.2600036621094,NA,NA,1226,3.4339872044851463,5.38488.43.176655,2021-07-21,4
SPY212715,5.3500250000000005,43.2261,2021-07-21,4,0,30,21.040002441406273,5.3125,43.25,1226,3.4339872044851463,5.350025.43.2261,2021-07-21,4
SPY212716,5.350075,43.22627,2021-07-21,4,0,30,21.040002441406273,5.3125,43.25,1226,3.4339872044851463,5.350075.43.22627,2021-07-21,4
SPY212717,5.3500250000000005,43.2261,2021-07-21,4,0,30,21.040002441406273,5.3125,43.25,1226,3.4339872044851463,5.350025.43.2261,2021-07-21,4
SPY212719,5.371695,43.174130000000005,2021-07-22,46,1,30,21.909997558593773,NA,NA,1227,3.4339872044851463,5.371695.43.17413,2021-07-22,4
SPY212756,5.350075,43.22627,2021-07-21,4,0,30,21.040002441406273,5.3125,43.25,1226,3.4339872044851463,5.350075.43.22627,2021-07-21,4
SPY212758,5.38488,43.176655,2021-07-21,78,1,30,21.2600036621094,NA,NA,1226,3.4339872044851463,5.38488.43.176655,2021-07-21,4
SPY212759,5.38288,43.17782,2021-07-21,42,1,30,21.2600036621094,NA,NA,1226,3.4339872044851463,5.38288.43.17782,2021-07-21,4
SPY212760,3.16298,42.46445,2021-07-27,10,1,30,22.649987792968773,NA,NA,1232,3.4339872044851463,3.16298.42.46445,2021-07-27,5
SPY212762,3.16298,42.46445,2021-07-27,10,1,30,22.649987792968773,NA,NA,1232,3.4339872044851463,3.16298.42.46445,2021-07-27,5
SPY212763,3.16298,42.46445,2021-07-27,10,1,30,22.649987792968773,NA,NA,1232,3.4339872044851463,3.16298.42.46445,2021-07-27,5
SPY212764,3.16311,42.46457,2021-07-27,10,1,30,22.649987792968773,NA,NA,1232,3.4339872044851463,3.16311.42.46457,2021-07-27,5
SPY212765,3.16298,42.46445,2021-07-27,10,1,30,22.649987792968773,NA,NA,1232,3.4339872044851463,3.16298.42.46445,2021-07-27,5
SPY212766,3.16311,42.46457,2021-07-27,10,1,30,22.649987792968773,NA,NA,1232,3.4339872044851463,3.16311.42.46457,2021-07-27,5
SPY212767,3.163505,42.464555,2021-07-27,10,1,30,22.649987792968773,NA,NA,1232,3.4339872044851463,3.163505.42.464555,2021-07-27,5
SPY212768,3.162525,42.463245,2021-07-29,10,1,30,22.980004882812523,NA,NA,1234,3.4339872044851463,3.162525.42.463245,2021-07-29,5
SPY212769,3.16302,42.46468,2021-07-27,10,1,30,22.649987792968773,NA,NA,1232,3.4339872044851463,3.16302.42.46468,2021-07-27,5
SPY213512,7.032668585,43.54027858,2021-10-04,9,0,30,22.890008544921898,7.0625,43.5,1301,3.4339872044851463,7.032669.43.540279,2021-10-04,1
SPY213513,3.509229042,43.27291795,2021-10-13,6,0,30,18.119989013671898,NA,NA,1310,3.4339872044851463,3.509229.43.272918,2021-10-13,5
SPY213514,5.613601324,43.17780443,2021-10-05,5,0,30,22.519982910156273,5.625,43.125,1302,3.4339872044851463,5.613601.43.177804,2021-10-05,4
SPY213515,7.032668585,43.54027858,2021-10-04,9,0,30,22.890008544921898,7.0625,43.5,1301,3.4339872044851463,7.032669.43.540279,2021-10-04,1
SPY213516,7.032668585,43.54027858,2021-10-04,9,0,30,22.890008544921898,7.0625,43.5,1301,3.4339872044851463,7.032669.43.540279,2021-10-04,1
SPY213517,5.613601324,43.17780443,2021-10-05,5,0,30,22.519982910156273,5.625,43.125,1302,3.4339872044851463,5.613601.43.177804,2021-10-05,4
SPY213518,4.423255625,43.44862324,2021-10-12,3,0,30,18.269982910156273,4.4375,43.375,1309,3.4339872044851463,4.423256.43.448623,2021-10-12,4
SPY213519,6.200826313,43.00340839,2021-10-29,1,0,30,19.829980468750023,6.125,43,1326,3.4339872044851463,6.200826.43.003408,2021-10-29,3
SPY213520,3.509229042,43.27291795,2021-10-13,6,0,30,18.119989013671898,NA,NA,1310,3.4339872044851463,3.509229.43.272918,2021-10-13,5
SPY213521,4.423255625,43.44862324,2021-10-12,3,0,30,18.269982910156273,4.4375,43.375,1309,3.4339872044851463,4.423256.43.448623,2021-10-12,4
SPY213522,4.423255625,43.44862324,2021-10-12,3,0,30,18.269982910156273,4.4375,43.375,1309,3.4339872044851463,4.423256.43.448623,2021-10-12,4
SPY213523,3.111718101,42.5205971,2021-10-25,1,0,30,17.549981689453148,3.125,42.5625,1322,3.4339872044851463,3.111718.42.520597,2021-10-25,5
SPY213525,3.111718101,42.5205971,2021-10-25,1,0,30,17.549981689453148,3.125,42.5625,1322,3.4339872044851463,3.111718.42.520597,2021-10-25,5
SPY213527,6.200826313,43.00340839,2021-10-29,1,0,30,19.829980468750023,6.125,43,1326,3.4339872044851463,6.200826.43.003408,2021-10-29,3
SPY214144,7.5739465,41.895045,2025-07-24,2778,1,30,25.299981689453148,7.5625,41.875,2690,3.4339872044851463,7.573946.41.895045,2025-07-24,4
SPY214145,9.366669,41.6316935,2025-07-23,8,0,30,26.799981689453148,9.4375,41.625,2689,3.4339872044851463,9.366669.41.631693,2025-07-23,1
SPY214150,7.5739465,41.895045,2025-07-24,2778,1,30,25.299981689453148,7.5625,41.875,2690,3.4339872044851463,7.573946.41.895045,2025-07-24,4
SPY214151,9.1625925,41.3889325,2025-07-25,2,0,30,22.659997558593773,NA,NA,2691,3.4339872044851463,9.162593.41.388933,2025-07-25,1
SPY214152,9.3046515,41.370508,2025-07-24,15,0,30,26.119989013671898,9.3125,41.375,2690,3.4339872044851463,9.304652.41.370508,2025-07-24,1
SPY214153,8.933264999999999,41.488870000000006,2025-08-26,4,0,30,25.269982910156273,8.9375,41.4375,2723,3.4339872044851463,8.933265.41.48887,2025-08-26,5
SPY214154,9.3816375,41.509373,2025-07-23,20,0,30,26.140008544921898,9.375,41.5,2689,3.4339872044851463,9.381638.41.509373,2025-07-23,1
SPY214155,9.3816375,41.509373,2025-07-23,20,0,30,26.140008544921898,9.375,41.5,2689,3.4339872044851463,9.381638.41.509373,2025-07-23,1
SPY214161,9.1688555,41.378727,2025-07-24,26,1,30,25.809991455078148,9.1875,41.375,2690,3.4339872044851463,9.168855.41.378727,2025-07-24,1
SPY214165,9.1625925,41.3889325,2025-07-25,2,0,30,22.659997558593773,NA,NA,2691,3.4339872044851463,9.162593.41.388933,2025-07-25,1
SPY214167,3.7688588,43.4298712,2025-06-13,1,0,30,22.079980468750023,NA,NA,2649,3.4339872044851463,3.768859.43.429871,2025-06-13,4
SPY214169,9.3046515,41.370508,2025-07-24,15,0,30,26.119989013671898,9.3125,41.375,2690,3.4339872044851463,9.304652.41.370508,2025-07-24,1
SPY214171,9.3799895,41.5088285,2024-09-03,20,0,30,28.2499938964844,9.375,41.5,2366,3.4339872044851463,9.37999.41.508828,2024-09-03,1
SPY214172,8.906315,41.4526,2025-08-26,9,1,30,25.269982910156273,8.9375,41.4375,2723,3.4339872044851463,8.906315.41.4526,2025-08-26,5
SPY214175,9.38015685,41.50504907,2024-09-03,49,0,30,28.2499938964844,9.375,41.5,2366,3.4339872044851463,9.380157.41.505049,2024-09-03,1
SPY214176,9.1688555,41.378727,2025-07-24,26,1,30,25.809991455078148,9.1875,41.375,2690,3.4339872044851463,9.168855.41.378727,2025-07-24,1
SPY214181,3.7688588,43.4298712,2025-06-13,1,0,30,22.2600036621094,3.8125,43.4375,2649,3.4339872044851463,3.768859.43.429871,2025-06-13,4
SPY214183,9.3666135,41.631825,2025-07-23,7,0,30,26.799981689453148,9.4375,41.625,2689,3.4339872044851463,9.366614.41.631825,2025-07-23,1
SPY220275,9.574683333,42.32188333,2022-05-04,38,0,30,16.029992675781273,NA,NA,1513,3.4339872044851463,9.574683.42.321883,2022-05-04,5
SPY220276,9.457,41.9107,2022-03-22,39,0,30,13.429986572265648,NA,NA,1470,3.4339872044851463,9.457.41.9107,2022-03-22,4
SPY220277,9.574683333,42.32188333,2022-03-23,38,0,30,13.689996337890648,NA,NA,1471,3.4339872044851463,9.574683.42.321883,2022-03-23,5
SPY220278,9.588766667,42.24518333,2022-03-23,40,0,30,13.730004882812525,NA,NA,1471,3.4339872044851463,9.588767.42.245183,2022-03-23,5
SPY220279,9.457,41.9107,2022-03-22,39,0,30,13.429986572265648,NA,NA,1470,3.4339872044851463,9.457.41.9107,2022-03-22,4
SPY220280,9.587683333,42.2389,2022-04-10,40,0,30,13.209985351562525,NA,NA,1489,3.4339872044851463,9.587683.42.2389,2022-04-10,5
SPY220281,9.498016667,42.84896667,2022-04-14,38,0,30,13.820001220703148,NA,NA,1493,3.4339872044851463,9.498017.42.848967,2022-04-14,3
SPY220282,9.574683333,42.32188333,2022-03-23,38,0,30,13.689996337890648,NA,NA,1471,3.4339872044851463,9.574683.42.321883,2022-03-23,5
SPY220283,9.5524,42.61613333,2022-03-23,39,0,30,13.700006103515648,NA,NA,1471,3.4339872044851463,9.5524.42.616133,2022-03-23,3
SPY220284,9.588766667,42.24518333,2022-03-23,40,0,30,13.730004882812525,NA,NA,1471,3.4339872044851463,9.588767.42.245183,2022-03-23,5
SPY220285,9.498016667,42.84896667,2022-04-13,38,0,30,13.799981689453148,NA,NA,1492,3.4339872044851463,9.498017.42.848967,2022-04-13,3
SPY220288,9.587683333,42.2389,2022-04-10,40,0,30,13.209985351562525,NA,NA,1489,3.4339872044851463,9.587683.42.2389,2022-04-10,5
SPY220289,9.5524,42.61613333,2022-03-23,39,0,30,13.700006103515648,NA,NA,1471,3.4339872044851463,9.5524.42.616133,2022-03-23,3
SPY220291,9.574683333,42.32188333,2022-05-04,38,0,30,16.029992675781273,NA,NA,1513,3.4339872044851463,9.574683.42.321883,2022-05-04,5
SPY220293,9.50035,42.84576667,2022-03-24,45,0,30,13.809991455078148,NA,NA,1472,3.4339872044851463,9.50035.42.845767,2022-03-24,3
SPY220294,9.50035,42.84576667,2022-03-24,45,0,30,13.809991455078148,NA,NA,1472,3.4339872044851463,9.50035.42.845767,2022-03-24,3
SPY220295,9.574683333,42.32188333,2022-04-14,38,0,30,14.179986572265648,NA,NA,1493,3.4339872044851463,9.574683.42.321883,2022-04-14,5
SPY220296,9.574683333,42.32188333,2022-04-14,38,0,30,14.179986572265648,NA,NA,1493,3.4339872044851463,9.574683.42.321883,2022-04-14,5
SPY220297,9.58759,42.23902167,2022-04-14,40,0,30,14.230004882812525,NA,NA,1493,3.4339872044851463,9.58759.42.239022,2022-04-14,5
SPY220298,9.58759,42.23902167,2022-04-14,40,0,30,14.230004882812525,NA,NA,1493,3.4339872044851463,9.58759.42.239022,2022-04-14,5
SPY220299,9.587266667,42.23675,2022-04-19,36,0,30,14.209985351562525,NA,NA,1498,3.4339872044851463,9.587267.42.23675,2022-04-19,5
SPY220300,9.498016667,42.84896667,2022-04-16,38,0,30,15.260003662109398,NA,NA,1495,3.4339872044851463,9.498017.42.848967,2022-04-16,3
SPY220301,9.5524,42.61613333,2022-04-15,39,0,30,14.850000000000025,NA,NA,1494,3.4339872044851463,9.5524.42.616133,2022-04-15,3
SPY220302,9.5524,42.61613333,2022-04-15,39,0,30,14.850000000000025,NA,NA,1494,3.4339872044851463,9.5524.42.616133,2022-04-15,3
SPY220303,9.498016667,42.84896667,2022-04-16,38,0,30,15.260003662109398,NA,NA,1495,3.4339872044851463,9.498017.42.848967,2022-04-16,3
SPY220304,3.1726083335,42.457950835000005,2024-06-10,20,0,60,19.029992675781273,NA,NA,2281,4.110873864173311,3.172608.42.457951,2024-06-10,5
SPY220305,3.1128416665,42.525758335,2024-06-09,33,0,60,18.109979248046898,NA,NA,2280,4.110873864173311,3.112842.42.525758,2024-06-09,5
SPY220306,9.58759,42.23902167,2022-04-19,40,0,30,14.209985351562525,NA,NA,1498,3.4339872044851463,9.58759.42.239022,2022-04-19,5
SPY220307,9.574683333,42.32188333,2022-04-19,38,0,30,14.209985351562525,NA,NA,1498,3.4339872044851463,9.574683.42.321883,2022-04-19,5
SPY220308,9.58759,42.23902167,2022-04-19,40,0,30,14.209985351562525,NA,NA,1498,3.4339872044851463,9.58759.42.239022,2022-04-19,5
SPY220310,9.498016667,42.84896667,2022-05-01,38,0,30,15.679986572265648,NA,NA,1510,3.4339872044851463,9.498017.42.848967,2022-05-01,3
SPY220311,9.574683333,42.32188333,2022-04-19,38,0,30,14.209985351562525,NA,NA,1498,3.4339872044851463,9.574683.42.321883,2022-04-19,5
SPY220312,9.587266667,42.23675,2022-04-19,36,0,30,14.209985351562525,NA,NA,1498,3.4339872044851463,9.587267.42.23675,2022-04-19,5
SPY220313,9.498016667,42.84896667,2022-05-01,38,0,30,15.679986572265648,NA,NA,1510,3.4339872044851463,9.498017.42.848967,2022-05-01,3
SPY220314,3.956883333,43.48171667,2022-06-20,24,0,30,23.950006103515648,NA,NA,1560,3.4339872044851463,3.956883.43.481717,2022-06-20,4
SPY220843,6.619766983,43.15121647,2022-05-20,80,0,30,20.390008544921898,NA,NA,1529,3.4339872044851463,6.619767.43.151216,2022-05-20,2
SPY220844,7.297083333,43.68558333,2022-05-26,30,0,30,21.269982910156273,7.375,43.6875,1535,3.4339872044851463,7.297083.43.685583,2022-05-26,3
SPY220845,6.93303315,43.44539923,2022-05-23,56,1,30,21.109979248046898,NA,NA,1532,3.4339872044851463,6.933033.43.445399,2022-05-23,1
SPY220846,6.723948817,43.35548095,2022-05-22,29,0,30,19.619989013671898,NA,NA,1531,3.4339872044851463,6.723949.43.355481,2022-05-22,1
SPY220847,6.93303315,43.44539923,2022-05-23,56,1,30,21.109979248046898,NA,NA,1532,3.4339872044851463,6.933033.43.445399,2022-05-23,1
SPY220848,6.403466667,43.1045,2022-05-16,35,0,30,18.149987792968773,6.5,43.125,1525,3.4339872044851463,6.403467.43.1045,2022-05-16,3
SPY220849,7.300967233,43.68366438,2022-05-26,28,0,30,21.269982910156273,7.375,43.6875,1535,3.4339872044851463,7.300967.43.683664,2022-05-26,2
SPY220850,6.619766983,43.15121647,2022-05-20,80,0,30,20.390008544921898,NA,NA,1529,3.4339872044851463,6.619767.43.151216,2022-05-20,2
SPY220851,7.300967233,43.68366438,2022-05-26,28,0,30,21.269982910156273,7.375,43.6875,1535,3.4339872044851463,7.300967.43.683664,2022-05-26,2
SPY220852,7.300098817,43.6833,2022-05-26,174,0,30,21.269982910156273,7.375,43.6875,1535,3.4339872044851463,7.300099.43.6833,2022-05-26,2
SPY220853,7.300098817,43.6833,2022-05-26,174,0,30,21.269982910156273,7.375,43.6875,1535,3.4339872044851463,7.300099.43.6833,2022-05-26,2
SPY220854,6.403466667,43.1045,2022-05-16,35,0,30,18.149987792968773,6.5,43.125,1525,3.4339872044851463,6.403467.43.1045,2022-05-16,3
SPY220855,6.0071999,43.08168295,2022-05-19,38,0,30,19.230004882812523,6,43,1528,3.4339872044851463,6.0072.43.081683,2022-05-19,2
SPY220856,6.631899717,43.15381667,2022-05-20,66,0,30,20.390008544921898,NA,NA,1529,3.4339872044851463,6.6319.43.153817,2022-05-20,2
SPY220857,7.172551433,43.5560981,2022-05-25,75,0,30,21.529992675781273,NA,NA,1534,3.4339872044851463,7.172551.43.556098,2022-05-25,1
SPY220858,6.723948817,43.35548095,2022-05-22,29,0,30,19.619989013671898,NA,NA,1531,3.4339872044851463,6.723949.43.355481,2022-05-22,1
SPY220859,7.172551433,43.5560981,2022-05-25,75,0,30,21.529992675781273,NA,NA,1534,3.4339872044851463,7.172551.43.556098,2022-05-25,1
SPY220860,6.684500483,43.28559905,2022-05-21,39,0,30,19.9999938964844,6.6875,43.25,1530,3.4339872044851463,6.6845.43.285599,2022-05-21,2
SPY220861,6.132868,43.016347,2022-05-17,56,0,30,18.869989013671898,NA,NA,1526,3.4339872044851463,6.132868.43.016347,2022-05-17,2
SPY220862,7.297083333,43.68558333,2022-05-26,30,0,30,21.269982910156273,7.375,43.6875,1535,3.4339872044851463,7.297083.43.685583,2022-05-26,3
SPY220863,6.631899717,43.15381667,2022-05-20,66,0,30,20.390008544921898,NA,NA,1529,3.4339872044851463,6.6319.43.153817,2022-05-20,2
SPY220864,6.0071999,43.08168295,2022-05-19,38,0,30,19.230004882812523,6,43,1528,3.4339872044851463,6.0072.43.081683,2022-05-19,2
SPY220865,6.684500483,43.28559905,2022-05-21,39,0,30,19.9999938964844,6.6875,43.25,1530,3.4339872044851463,6.6845.43.285599,2022-05-21,2
SPY220866,6.920564767,43.44039238,2022-05-24,78,0,30,21.529992675781273,NA,NA,1533,3.4339872044851463,6.920565.43.440392,2022-05-24,1
SPY220867,7.121416433,43.53834952,2022-05-25,24,0,30,21.570001220703148,7.125,43.5,1534,3.4339872044851463,7.121416.43.53835,2022-05-25,1
SPY220868,7.121416433,43.53834952,2022-05-25,24,0,30,21.570001220703148,7.125,43.5,1534,3.4339872044851463,7.121416.43.53835,2022-05-25,1
SPY220869,6.7742819,43.40587762,2022-05-23,33,0,30,20.769982910156273,NA,NA,1532,3.4339872044851463,6.774282.43.405878,2022-05-23,1
SPY220870,6.132868,43.016347,2022-05-17,56,0,30,18.869989013671898,NA,NA,1526,3.4339872044851463,6.132868.43.016347,2022-05-17,2
SPY220871,6.7742819,43.40587762,2022-05-23,33,0,30,20.769982910156273,NA,NA,1532,3.4339872044851463,6.774282.43.405878,2022-05-23,1
SPY220872,6.920564767,43.44039238,2022-05-24,78,0,30,21.529992675781273,NA,NA,1533,3.4339872044851463,6.920565.43.440392,2022-05-24,1
SPY220873,6.314416667,43.09331667,2022-06-13,16,0,30,21.640008544921898,6.5,43.0625,1553,3.4339872044851463,6.314417.43.093317,2022-06-13,3
SPY220874,6.0157,43.08426667,2022-06-12,19,0,30,20.9899841308594,6,43,1552,3.4339872044851463,6.0157.43.084267,2022-06-12,2
SPY220875,6.084431667,43.03326667,2022-06-12,60,0,30,21.070001220703148,6.0625,43,1552,3.4339872044851463,6.084432.43.033267,2022-06-12,2
SPY220876,6.60635,43.16731667,2022-06-10,16,0,30,20.959985351562523,6.625,43.125,1550,3.4339872044851463,6.60635.43.167317,2022-06-10,2
SPY220877,6.0157,43.08426667,2022-06-12,19,0,30,20.9899841308594,6,43,1552,3.4339872044851463,6.0157.43.084267,2022-06-12,2
SPY220878,9.458016667,43.11678333,2022-07-31,87,0,30,27.159997558593773,NA,NA,1601,3.4339872044851463,9.458017.43.116783,2022-07-31,5
SPY220879,6.084431667,43.03326667,2022-06-12,60,0,30,21.070001220703148,6.0625,43,1552,3.4339872044851463,6.084432.43.033267,2022-06-12,2
SPY220880,6.671583333,43.30693333,2022-06-08,16,0,30,21.899987792968773,6.75,43.3125,1548,3.4339872044851463,6.671583.43.306933,2022-06-08,2
SPY220881,6.9255,43.45278333,2022-06-02,8,1,30,22.219995117187523,NA,NA,1542,3.4339872044851463,6.9255.43.452783,2022-06-02,1
SPY220882,7.13425,43.55691667,2022-06-01,7,0,30,22.269982910156273,7.1875,43.5625,1541,3.4339872044851463,7.13425.43.556917,2022-06-01,1
SPY220883,3.1726083335,42.457950835000005,2024-06-10,20,0,60,19.029992675781273,NA,NA,2281,4.110873864173311,3.172608.42.457951,2024-06-10,5
SPY220884,6.671583333,43.30693333,2022-06-08,16,0,30,21.899987792968773,6.75,43.3125,1548,3.4339872044851463,6.671583.43.306933,2022-06-08,2
SPY220885,6.9255,43.45278333,2022-06-02,8,1,30,22.219995117187523,NA,NA,1542,3.4339872044851463,6.9255.43.452783,2022-06-02,1
SPY220886,7.101408333,43.55123333,2022-06-02,17,0,30,22.390008544921898,7.125,43.5,1542,3.4339872044851463,7.101408.43.551233,2022-06-02,1
SPY220887,7.13425,43.55691667,2022-06-01,7,0,30,22.269982910156273,7.1875,43.5625,1541,3.4339872044851463,7.13425.43.556917,2022-06-01,1
SPY220888,6.314416667,43.09331667,2022-06-13,16,0,30,21.640008544921898,6.5,43.0625,1553,3.4339872044851463,6.314417.43.093317,2022-06-13,3
SPY220889,6.60635,43.16731667,2022-06-10,16,0,30,20.959985351562523,6.625,43.125,1550,3.4339872044851463,6.60635.43.167317,2022-06-10,2
SPY220890,7.101408333,43.55123333,2022-06-02,17,0,30,22.390008544921898,7.125,43.5,1542,3.4339872044851463,7.101408.43.551233,2022-06-02,1
SPY220891,7.474788,43.746305,2022-05-28,44,0,30,23.7499938964844,NA,NA,1537,3.4339872044851463,7.474788.43.746305,2022-05-28,2
SPY220892,7.474788,43.746305,2022-05-28,44,0,30,23.7499938964844,NA,NA,1537,3.4339872044851463,7.474788.43.746305,2022-05-28,2
SPY220893,9.520816667,43.13081667,2022-08-01,111,0,30,27.950006103515648,NA,NA,1602,3.4339872044851463,9.520817.43.130817,2022-08-01,5
SPY220894,9.458016667,43.11678333,2022-07-31,87,0,30,27.159997558593773,NA,NA,1601,3.4339872044851463,9.458017.43.116783,2022-07-31,5
SPY220895,6.9255,43.45278333,2022-06-03,8,1,30,22.140008544921898,NA,NA,1543,3.4339872044851463,6.9255.43.452783,2022-06-03,1
SPY220896,7.449616667,43.75288333,2022-05-28,9,1,30,23.969995117187523,NA,NA,1537,3.4339872044851463,7.449617.43.752883,2022-05-28,2
SPY220897,7.449616667,43.75288333,2022-05-28,9,1,30,23.969995117187523,NA,NA,1537,3.4339872044851463,7.449617.43.752883,2022-05-28,2
SPY220898,7.354233333,43.71615,2022-05-26,19,0,30,21.269982910156273,NA,NA,1535,3.4339872044851463,7.354233.43.71615,2022-05-26,2
SPY220899,7.354233333,43.71615,2022-05-26,19,0,30,21.269982910156273,NA,NA,1535,3.4339872044851463,7.354233.43.71615,2022-05-26,2
SPY220900,6.9255,43.45278333,2022-06-03,8,1,30,22.140008544921898,NA,NA,1543,3.4339872044851463,6.9255.43.452783,2022-06-03,1
SPY220902,3.467933333,43.27275,2022-06-14,4,0,30,20.570001220703148,NA,NA,1554,3.4339872044851463,3.467933.43.27275,2022-06-14,5
SPY221345,3.248716667,42.8456,2022-06-14,69,0,30,21.100000000000023,NA,NA,1554,3.4339872044851463,3.248717.42.8456,2022-06-14,4
SPY221354,3.05774,42.82401,2022-06-14,14,0,30,21.189996337890648,NA,NA,1554,3.4339872044851463,3.05774.42.82401,2022-06-14,2
SPY221366,3.248716667,42.8456,2022-06-14,69,0,30,21.100000000000023,NA,NA,1554,3.4339872044851463,3.248717.42.8456,2022-06-14,4
SPY221367,3.05774,42.82401,2022-06-14,14,0,30,21.189996337890648,NA,NA,1554,3.4339872044851463,3.05774.42.82401,2022-06-14,2
SPY221739,4.423255625,43.44862324,2022-06-03,3,0,30,20.559991455078148,4.4375,43.375,1543,3.4339872044851463,4.423256.43.448623,2022-06-03,4
SPY221740,4.423255625,43.44862324,2022-06-03,3,0,30,20.559991455078148,4.4375,43.375,1543,3.4339872044851463,4.423256.43.448623,2022-06-03,4
SPY221741,3.509229042,43.27291795,2022-06-07,6,0,30,21.359979248046898,NA,NA,1547,3.4339872044851463,3.509229.43.272918,2022-06-07,5
SPY221742,3.509229042,43.27291795,2022-06-07,6,0,30,21.359979248046898,NA,NA,1547,3.4339872044851463,3.509229.43.272918,2022-06-07,5
SPY221743,3.111718101,42.5205971,2022-06-22,1,0,30,22.629998779296898,3.125,42.5625,1562,3.4339872044851463,3.111718.42.520597,2022-06-22,5
SPY221744,3.111718101,42.5205971,2022-06-22,1,0,30,22.629998779296898,3.125,42.5625,1562,3.4339872044851463,3.111718.42.520597,2022-06-22,5
SPY221745,7.032668585,43.54027858,2022-06-28,9,0,30,23.879998779296898,7.0625,43.5,1568,3.4339872044851463,7.032669.43.540279,2022-06-28,1
SPY221746,7.032668585,43.54027858,2022-06-28,9,0,30,23.879998779296898,7.0625,43.5,1568,3.4339872044851463,7.032669.43.540279,2022-06-28,1
SPY221747,6.200826313,43.00340839,2022-06-29,1,0,30,24.269982910156273,6.125,43,1569,3.4339872044851463,6.200826.43.003408,2022-06-29,3
SPY221748,6.200826313,43.00340839,2022-06-29,1,0,30,24.269982910156273,6.125,43,1569,3.4339872044851463,6.200826.43.003408,2022-06-29,3
SPY221749,5.613601324,43.17780443,2022-06-30,5,0,30,23.859979248046898,5.625,43.125,1570,3.4339872044851463,5.613601.43.177804,2022-06-30,4
SPY221750,5.613601324,43.17780443,2022-06-30,5,0,30,23.859979248046898,5.625,43.125,1570,3.4339872044851463,5.613601.43.177804,2022-06-30,4
SPY221751,5.613601324,43.17780443,2022-06-30,5,0,30,23.859979248046898,5.625,43.125,1570,3.4339872044851463,5.613601.43.177804,2022-06-30,4
SPY221753,5.613601324,43.17780443,2022-06-30,5,0,30,23.859979248046898,5.625,43.125,1570,3.4339872044851463,5.613601.43.177804,2022-06-30,4
SPY222967,8.8004175,42.588145,2022-07-28,23,0,30,27.040002441406273,8.8125,42.625,1598,3.4339872044851463,8.800418.42.588145,2022-07-28,1
SPY222968,7.802968,42.483583,2023-06-24,2739,0,30,22.9899841308594,NA,NA,1929,3.4339872044851463,7.802968.42.483583,2023-06-24,2
SPY222969,8.8004175,42.588145,2022-07-28,23,0,30,27.040002441406273,8.8125,42.625,1598,3.4339872044851463,8.800418.42.588145,2022-07-28,1
SPY222970,8.720345,42.582080000000005,2022-07-29,38,1,30,27.309991455078148,8.6875,42.5625,1599,3.4339872044851463,8.720345.42.58208,2022-07-29,1
SPY222971,8.046042,42.1863415,2023-06-24,2750,0,30,24.589990234375023,8.0625,42.1875,1929,3.4339872044851463,8.046042.42.186341,2023-06-24,3
SPY222972,8.720345,42.582080000000005,2022-07-29,38,1,30,27.309991455078148,8.6875,42.5625,1599,3.4339872044851463,8.720345.42.58208,2022-07-29,1
SPY222973,8.720345,42.582080000000005,2022-07-29,38,1,30,27.309991455078148,8.6875,42.5625,1599,3.4339872044851463,8.720345.42.58208,2022-07-29,1
SPY222974,8.720345,42.582080000000005,2022-07-29,38,1,30,27.309991455078148,8.6875,42.5625,1599,3.4339872044851463,8.720345.42.58208,2022-07-29,1
SPY222975,7.7954785,42.485005,2023-06-24,2740,0,30,23.879998779296898,7.8125,42.5,1929,3.4339872044851463,7.795478.42.485005,2023-06-24,2
SPY222976,8.0459765,42.18431,2023-06-24,2750,0,30,22.9899841308594,NA,NA,1929,3.4339872044851463,8.045976.42.18431,2023-06-24,3
SPY222977,8.8004175,42.588145,2022-07-28,23,0,30,27.040002441406273,8.8125,42.625,1598,3.4339872044851463,8.800418.42.588145,2022-07-28,1
SPY223047,9.59618,43.002914,2023-05-27,270,0,30,19.649987792968773,9.625,43,1901,3.4339872044851463,9.59618.43.002914,2023-05-27,5
SPY223048,9.414986,43.12646,2023-05-27,110,0,30,19.579980468750023,9.4375,43.125,1901,3.4339872044851463,9.414986.43.12646,2023-05-27,5
SPY223049,9.414986,43.12646,2023-05-27,110,0,30,19.579980468750023,9.4375,43.125,1901,3.4339872044851463,9.414986.43.12646,2023-05-27,5
SPY223050,9.59618,43.002914,2023-05-27,270,0,30,19.649987792968773,9.625,43,1901,3.4339872044851463,9.59618.43.002914,2023-05-27,5
SPY223051,9.223134,43.051749,2023-05-27,508,0,30,19.649987792968773,NA,NA,1901,3.4339872044851463,9.223134.43.051749,2023-05-27,1
SPY223052,8.901227,43.42553,2023-05-27,2159,0,30,19.579980468750023,NA,NA,1901,3.4339872044851463,8.901227.43.42553,2023-05-27,1
SPY223053,9.121836,43.171698,2023-05-27,1765,0,30,19.579980468750023,NA,NA,1901,3.4339872044851463,9.121836.43.171698,2023-05-27,1
SPY223054,8.596642,43.289148,2023-05-28,2589,0,30,20.170007324218773,NA,NA,1902,3.4339872044851463,8.596642.43.289148,2023-05-28,2
SPY223055,8.596642,43.289148,2023-05-28,2589,0,30,19.850000000000023,NA,NA,1902,3.4339872044851463,8.596642.43.289148,2023-05-28,2
SPY223056,9.223134,43.051749,2023-05-27,508,0,30,19.649987792968773,NA,NA,1901,3.4339872044851463,9.223134.43.051749,2023-05-27,1
SPY223057,8.663918,43.217718,2023-05-28,2587,0,30,19.920007324218773,NA,NA,1902,3.4339872044851463,8.663918.43.217718,2023-05-28,2
SPY223058,8.901227,43.42553,2023-05-27,2159,0,30,19.689996337890648,NA,NA,1901,3.4339872044851463,8.901227.43.42553,2023-05-27,1
SPY223059,9.121836,43.171698,2023-05-27,1765,0,30,19.7399841308594,NA,NA,1901,3.4339872044851463,9.121836.43.171698,2023-05-27,1
SPY223060,9.018586,43.294303,2023-05-27,1960,0,30,19.899987792968773,NA,NA,1901,3.4339872044851463,9.018586.43.294303,2023-05-27,1
SPY223061,9.018586,43.294303,2023-05-27,1960,0,30,19.689996337890648,NA,NA,1901,3.4339872044851463,9.018586.43.294303,2023-05-27,1
SPY223062,8.720879,43.15478,2023-05-28,2435,0,30,19.920007324218773,NA,NA,1902,3.4339872044851463,8.720879.43.15478,2023-05-28,2
SPY223063,8.720879,43.15478,2023-05-28,2435,0,30,20.170007324218773,NA,NA,1902,3.4339872044851463,8.720879.43.15478,2023-05-28,2
SPY223064,8.663918,43.217718,2023-05-28,2587,0,30,20.170007324218773,NA,NA,1902,3.4339872044851463,8.663918.43.217718,2023-05-28,2
SPY223065,8.813006,43.049568,2023-05-28,2451,0,30,20.079980468750023,NA,NA,1902,3.4339872044851463,8.813006.43.049568,2023-05-28,2
SPY223066,8.813006,43.049568,2023-05-28,2451,0,30,20.0100036621094,NA,NA,1902,3.4339872044851463,8.813006.43.049568,2023-05-28,2
SPY223067,8.996146,42.850513,2023-05-28,1302,0,30,20.0100036621094,NA,NA,1902,3.4339872044851463,8.996146.42.850513,2023-05-28,1
SPY223068,8.996146,42.850513,2023-05-28,1302,0,30,20.079980468750023,NA,NA,1902,3.4339872044851463,8.996146.42.850513,2023-05-28,1
SPY223069,8.900849,42.957038,2023-05-28,1543,0,30,20.029992675781273,NA,NA,1902,3.4339872044851463,8.900849.42.957038,2023-05-28,1
SPY223070,8.900849,42.957038,2023-05-28,1543,0,30,20.029992675781273,NA,NA,1902,3.4339872044851463,8.900849.42.957038,2023-05-28,1
SPY223071,8.680485,42.787725,2023-06-02,2085,0,30,20.140008544921898,8.6875,42.8125,1907,3.4339872044851463,8.680485.42.787725,2023-06-02,1
SPY223072,8.680485,42.787725,2023-06-02,2085,0,30,20.140008544921898,8.6875,42.8125,1907,3.4339872044851463,8.680485.42.787725,2023-06-02,1
SPY223073,8.551515,42.903938,2023-06-02,2597,0,30,20.230004882812523,8.5625,42.875,1907,3.4339872044851463,8.551515.42.903938,2023-06-02,4
SPY223074,8.311613,43.144465,2023-06-02,2604,0,30,20.119989013671898,8.3125,43.125,1907,3.4339872044851463,8.311613.43.144465,2023-06-02,3
SPY223075,8.311613,43.144465,2023-06-02,2604,0,30,20.140008544921898,NA,NA,1907,3.4339872044851463,8.311613.43.144465,2023-06-02,3
SPY223076,8.134876,43.009391,2023-06-02,2617,0,30,20.140008544921898,NA,NA,1907,3.4339872044851463,8.134876.43.009391,2023-06-02,3
SPY223077,8.7989215,42.582227,2023-05-25,14,0,30,18.899987792968773,NA,NA,1899,3.4339872044851463,8.798922.42.582227,2023-05-25,1
SPY223078,8.717806,42.5811705,2023-05-25,38,0,30,18.899987792968773,NA,NA,1899,3.4339872044851463,8.717806.42.58117,2023-05-25,1
SPY223079,8.7989215,42.582227,2023-05-25,14,0,30,18.420007324218773,8.8125,42.625,1899,3.4339872044851463,8.798922.42.582227,2023-05-25,1
SPY223080,8.426316,43.021408,2023-06-02,2635,0,30,20.230004882812523,NA,NA,1907,3.4339872044851463,8.426316.43.021408,2023-06-02,2
SPY223081,8.551515,42.903938,2023-06-02,2597,0,30,20.119989013671898,NA,NA,1907,3.4339872044851463,8.551515.42.903938,2023-06-02,4
SPY223082,8.717806,42.5811705,2023-05-25,38,0,30,18.7399841308594,NA,NA,1899,3.4339872044851463,8.717806.42.58117,2023-05-25,1
SPY223325,3.7688588,43.4298712,2023-04-07,1,0,30,12.859979248046898,3.8125,43.4375,1851,3.4339872044851463,3.768859.43.429871,2023-04-07,4
SPY223333,3.7688588,43.4298712,2023-04-07,1,0,30,12.859979248046898,3.8125,43.4375,1851,3.4339872044851463,3.768859.43.429871,2023-04-07,4
SPY223336,3.7688588,43.4298712,2023-07-06,1,0,30,25.379998779296898,NA,NA,1941,3.4339872044851463,3.768859.43.429871,2023-07-06,4
SPY223412,5.37403175,43.1762131,2022-08-18,30,1,15,27.049981689453148,NA,NA,1619,2.772588722239781,5.374032.43.176213,2022-08-18,4
SPY224249,3.7688588,43.4298712,2023-06-06,1,0,30,22.070001220703148,3.8125,43.4375,1911,3.4339872044851463,3.768859.43.429871,2023-06-06,4
SPY224252,3.7688588,43.4298712,2023-03-16,1,0,30,12.749993896484398,3.8125,43.4375,1829,3.4339872044851463,3.768859.43.429871,2023-03-16,4
SPY224254,3.7688588,43.4298712,2023-06-06,1,0,30,21.019982910156273,NA,NA,1911,3.4339872044851463,3.768859.43.429871,2023-06-06,4
SPY224256,3.7688588,43.4298712,2023-03-16,1,0,30,12.749993896484398,3.8125,43.4375,1829,3.4339872044851463,3.768859.43.429871,2023-03-16,4
SPY224257,3.7688588,43.4298712,2023-04-20,1,0,30,14.159997558593773,3.8125,43.4375,1864,3.4339872044851463,3.768859.43.429871,2023-04-20,4
SPY224259,3.7688588,43.4298712,2023-07-06,1,0,30,21.929986572265648,3.8125,43.4375,1941,3.4339872044851463,3.768859.43.429871,2023-07-06,4
SPY224262,3.7688588,43.4298712,2023-04-20,1,0,30,14.159997558593773,3.8125,43.4375,1864,3.4339872044851463,3.768859.43.429871,2023-04-20,4
SPY224269,9.498016667,42.84896667,2023-03-05,38,0,30,13.879998779296898,NA,NA,1818,3.4339872044851463,9.498017.42.848967,2023-03-05,3
SPY224270,9.498016667,42.84896667,2023-03-05,38,0,30,13.879998779296898,NA,NA,1818,3.4339872044851463,9.498017.42.848967,2023-03-05,3
SPY224271,9.498016667,42.84896667,2023-04-13,38,0,30,14.519982910156273,NA,NA,1857,3.4339872044851463,9.498017.42.848967,2023-04-13,3
SPY224272,3.1128416665,42.525758335,2024-06-09,33,0,60,18.109979248046898,NA,NA,2280,4.110873864173311,3.112842.42.525758,2024-06-09,5
SPY224274,3.1563425,42.498486670000005,2024-06-10,38,0,60,19.029992675781273,NA,NA,2281,4.110873864173311,3.156342.42.498487,2024-06-10,5
SPY224276,9.498016667,42.84896667,2023-04-13,38,0,30,14.519982910156273,NA,NA,1857,3.4339872044851463,9.498017.42.848967,2023-04-13,3
SPY230105,3.77665235,43.43976145,2023-06-07,2,0,30,22.589990234375023,3.8125,43.4375,1912,3.4339872044851463,3.776652.43.439761,2023-06-07,4
SPY230106,3.85454105,43.49614805,2023-06-07,1,0,30,22.689996337890648,3.875,43.5,1912,3.4339872044851463,3.854541.43.496148,2023-06-07,4
SPY230107,3.8188938,43.50022885,2023-06-07,1,0,30,22.029992675781273,NA,NA,1912,3.4339872044851463,3.818894.43.500229,2023-06-07,4
SPY230108,3.966763,43.551137,2023-06-21,1,0,30,22.730004882812523,3.9375,43.5,1926,3.4339872044851463,3.966763.43.551137,2023-06-21,4
SPY230109,3.0263850000000003,42.65549,2023-06-19,1,0,30,22.140008544921898,3.0625,42.625,1924,3.4339872044851463,3.026385.42.65549,2023-06-19,2
SPY230113,3.026375,42.65549,2023-06-19,1,0,30,22.140008544921898,3.0625,42.625,1924,3.4339872044851463,3.026375.42.65549,2023-06-19,2
SPY230114,2.9962035,43.102096450000005,2023-05-31,21,0,30,19.029992675781273,3.125,43.0625,1905,3.4339872044851463,2.996204.43.102096,2023-05-31,1
SPY230115,3.0336406499999997,43.03806645,2023-05-31,20,0,30,19.029992675781273,3.125,43.0625,1905,3.4339872044851463,3.033641.43.038066,2023-05-31,1
SPY230116,3.966763,43.551137,2023-06-21,1,0,30,22.730004882812523,3.9375,43.5,1926,3.4339872044851463,3.966763.43.551137,2023-06-21,4
SPY230119,4.113025,43.56534,2023-05-23,1,0,30,15.480004882812525,4.0625,43.5,1897,3.4339872044851463,4.113025.43.56534,2023-05-23,4
SPY230120,4.113025,43.56534,2023-05-23,1,0,30,16.010003662109398,NA,NA,1897,3.4339872044851463,4.113025.43.56534,2023-05-23,4
SPY230121,3.625344,43.434539,2023-05-25,6,0,30,16.709985351562523,3.6875,43.375,1899,3.4339872044851463,3.625344.43.434539,2023-05-25,5
SPY230122,3.4533705,43.292008,2023-05-15,2,0,30,14.489984130859398,3.4375,43.25,1889,3.4339872044851463,3.45337.43.292008,2023-05-15,5
SPY230123,3.07572,43.07572,2023-05-10,1,0,30,15.749993896484398,3.125,43.0625,1884,3.4339872044851463,3.07572.43.07572,2023-05-10,1
SPY230124,3.2176150000000003,43.260705,2023-05-09,1,0,20,15.730004882812525,3.3125,43.25,1883,3.044522437723423,3.217615.43.260705,2023-05-09,1
SPY230125,3.0250399999999997,42.860505,2023-05-10,2,0,30,15.659997558593773,3.0625,42.875,1884,3.4339872044851463,3.02504.42.860505,2023-05-10,2
SPY230126,3.03234,42.845675,2023-05-10,11,0,30,15.659997558593773,NA,NA,1884,3.4339872044851463,3.03234.42.845675,2023-05-10,2
SPY230127,4.14204,43.512985,2023-05-23,2,0,30,15.480004882812525,4.0625,43.5,1897,3.4339872044851463,4.14204.43.512985,2023-05-23,4
SPY230128,4.14739,43.546215,2023-05-23,3,0,30,15.480004882812525,4.0625,43.5,1897,3.4339872044851463,4.14739.43.546215,2023-05-23,4
SPY230130,3.0250399999999997,42.860505,2023-05-10,2,0,30,15.659997558593773,3.0625,42.875,1884,3.4339872044851463,3.02504.42.860505,2023-05-10,2
SPY230131,3.4533705,43.292008,2023-05-15,2,0,30,14.489984130859398,3.4375,43.25,1889,3.4339872044851463,3.45337.43.292008,2023-05-15,5
SPY230133,3.000355,42.967879999999994,2023-05-10,2,0,30,15.709985351562525,3.0625,42.9375,1884,3.4339872044851463,3.000355.42.96788,2023-05-10,2
SPY230134,3.08753,43.11541,2023-05-09,1,0,30,16.019982910156273,3.125,43.0625,1883,3.4339872044851463,3.08753.43.11541,2023-05-09,1
SPY230135,4.14204,43.512985,2023-05-23,2,0,30,15.480004882812525,4.0625,43.5,1897,3.4339872044851463,4.14204.43.512985,2023-05-23,4
SPY230136,4.396295500000001,43.459316,2023-05-24,1,0,30,17.959985351562523,NA,NA,1898,3.4339872044851463,4.396296.43.459316,2023-05-24,4
SPY230138,3.5423590000000003,43.34379800000001,2023-05-25,2,0,30,18.7399841308594,NA,NA,1899,3.4339872044851463,3.542359.43.343798,2023-05-25,5
SPY230139,4.0169024,43.5821369,2023-05-24,1,0,30,17.959985351562523,NA,NA,1898,3.4339872044851463,4.016902.43.582137,2023-05-24,4
SPY230140,3.036165,42.862495,2023-05-10,3,0,30,15.659997558593773,NA,NA,1884,3.4339872044851463,3.036165.42.862495,2023-05-10,2
SPY230141,3.08753,43.11541,2023-05-09,1,0,30,16.019982910156273,3.125,43.0625,1883,3.4339872044851463,3.08753.43.11541,2023-05-09,1
SPY230142,3.1201999999999996,43.112895,2023-05-09,6,0,30,16.019982910156273,3.125,43.0625,1883,3.4339872044851463,3.1202.43.112895,2023-05-09,1
SPY230144,3.93561065,43.5404483,2023-05-24,1,0,30,16.760003662109398,3.9375,43.5,1898,3.4339872044851463,3.935611.43.540448,2023-05-24,4
SPY230145,3.5423590000000003,43.34379800000001,2023-05-25,2,0,30,16.629998779296898,3.625,43.3125,1899,3.4339872044851463,3.542359.43.343798,2023-05-25,5
SPY230146,3.0336412,43.03806645,2023-05-31,20,0,30,19.029992675781273,3.125,43.0625,1905,3.4339872044851463,3.033641.43.038066,2023-05-31,1
SPY230147,3.07572,43.07572,2023-05-10,1,0,30,15.749993896484398,3.125,43.0625,1884,3.4339872044851463,3.07572.43.07572,2023-05-10,1
SPY230148,3.000355,42.967879999999994,2023-05-10,2,0,30,15.709985351562525,3.0625,42.9375,1884,3.4339872044851463,3.000355.42.96788,2023-05-10,2
SPY230149,3.03234,42.845675,2023-05-10,11,0,30,15.659997558593773,NA,NA,1884,3.4339872044851463,3.03234.42.845675,2023-05-10,2
SPY230150,3.22297,43.221215,2023-05-09,2,0,30,15.899987792968773,3.25,43.1875,1883,3.4339872044851463,3.22297.43.221215,2023-05-09,1
SPY230151,4.0169024,43.5821369,2023-05-24,1,0,30,16.420007324218773,4,43.5,1898,3.4339872044851463,4.016902.43.582137,2023-05-24,4
SPY230152,3.93561065,43.5404483,2023-05-24,1,0,30,16.760003662109398,3.9375,43.5,1898,3.4339872044851463,3.935611.43.540448,2023-05-24,4
SPY230153,3.5412245,43.3535975,2023-05-25,2,0,30,16.629998779296898,3.625,43.3125,1899,3.4339872044851463,3.541225.43.353598,2023-05-25,5
SPY230154,3.9139105,43.51914,2023-05-17,3,0,30,14.480004882812525,3.9375,43.5,1891,3.4339872044851463,3.91391.43.51914,2023-05-17,4
SPY230155,3.2176150000000003,43.260705,2023-05-09,1,0,20,15.730004882812525,3.3125,43.25,1883,3.044522437723423,3.217615.43.260705,2023-05-09,1
SPY230156,3.1201999999999996,43.112895,2023-05-09,6,0,30,16.019982910156273,3.125,43.0625,1883,3.4339872044851463,3.1202.43.112895,2023-05-09,1
SPY230157,3.036165,42.862495,2023-05-10,3,0,30,15.659997558593773,NA,NA,1884,3.4339872044851463,3.036165.42.862495,2023-05-10,2
SPY230158,3.22297,43.221215,2023-05-09,2,0,30,15.899987792968773,3.25,43.1875,1883,3.4339872044851463,3.22297.43.221215,2023-05-09,1
SPY230159,2.9962036000000003,43.102096450000005,2023-05-31,21,0,30,19.029992675781273,3.125,43.0625,1905,3.4339872044851463,2.996204.43.102096,2023-05-31,1
SPY230161,3.85454105,43.49614805,2023-06-07,1,0,30,22.029992675781273,NA,NA,1912,3.4339872044851463,3.854541.43.496148,2023-06-07,4
SPY230164,3.9139105,43.51914,2023-05-17,3,0,30,14.480004882812525,NA,NA,1891,3.4339872044851463,3.91391.43.51914,2023-05-17,4
SPY230165,3.625344,43.434539,2023-05-25,6,0,30,16.709985351562523,3.6875,43.375,1899,3.4339872044851463,3.625344.43.434539,2023-05-25,5
SPY230168,3.5412245,43.3535975,2023-05-25,2,0,30,16.629998779296898,3.625,43.3125,1899,3.4339872044851463,3.541225.43.353598,2023-05-25,5
SPY230172,4.396295500000001,43.459316,2023-05-24,1,0,30,15.920007324218773,4.3125,43.4375,1898,3.4339872044851463,4.396296.43.459316,2023-05-24,4
SPY230174,3.035405,42.658995,2023-06-19,5,0,30,22.2600036621094,3.0625,42.6875,1924,3.4339872044851463,3.035405.42.658995,2023-06-19,2
SPY230175,3.8188938,43.50022885,2023-06-07,1,0,30,22.689996337890648,3.875,43.5,1912,3.4339872044851463,3.818894.43.500229,2023-06-07,4
SPY230176,4.14739,43.546215,2023-05-23,3,0,30,15.480004882812525,4.0625,43.5,1897,3.4339872044851463,4.14739.43.546215,2023-05-23,4
SPY230177,3.0353950000000003,42.658995,2023-06-19,5,0,30,22.2600036621094,3.0625,42.6875,1924,3.4339872044851463,3.035395.42.658995,2023-06-19,2
SPY230178,3.77665235,43.43976145,2023-06-07,2,0,30,22.689996337890648,NA,NA,1912,3.4339872044851463,3.776652.43.439761,2023-06-07,4
SPY231655,8.753091667,41.720258335,2023-05-07,140,0,60,17.679986572265648,NA,NA,1881,4.110873864173311,8.753092.41.720258,2023-05-07,3
SPY231656,8.8158166665,41.69431667,2023-05-07,321,0,60,17.659997558593773,8.75,41.6875,1881,4.110873864173311,8.815817.41.694317,2023-05-07,3
SPY231657,8.8158166665,41.69431667,2023-05-07,321,0,60,17.659997558593773,8.75,41.6875,1881,4.110873864173311,8.815817.41.694317,2023-05-07,3
SPY231658,8.85895,41.689991665,2023-05-08,73,0,60,18.010003662109398,8.75,41.6875,1882,4.110873864173311,8.85895.41.689992,2023-05-08,5
SPY231659,8.85895,41.689991665,2023-05-08,73,0,60,18.010003662109398,8.75,41.6875,1882,4.110873864173311,8.85895.41.689992,2023-05-08,5
SPY231660,8.8736416665,41.670925,2023-05-08,40,1,60,18.010003662109398,8.75,41.6875,1882,4.110873864173311,8.873642.41.670925,2023-05-08,5
SPY231661,8.8736416665,41.670925,2023-05-08,40,1,60,18.010003662109398,8.75,41.6875,1882,4.110873864173311,8.873642.41.670925,2023-05-08,5
SPY231662,8.854658333500002,41.65183333,2023-05-08,37,1,30,18.040002441406273,8.75,41.625,1882,3.4339872044851463,8.854658.41.651833,2023-05-08,5
SPY231663,8.817408333500001,41.642666665,2023-05-08,78,1,60,18.040002441406273,8.75,41.625,1882,4.110873864173311,8.817408.41.642667,2023-05-08,3
SPY231664,8.817408333500001,41.642666665,2023-05-08,78,1,60,18.040002441406273,8.75,41.625,1882,4.110873864173311,8.817408.41.642667,2023-05-08,3
SPY231665,8.811808333,41.542024999999995,2023-05-08,32,0,60,17.709985351562523,8.8125,41.5,1882,4.110873864173311,8.811808.41.542025,2023-05-08,3
SPY231666,8.811808333,41.542024999999995,2023-05-08,32,0,60,17.709985351562523,8.8125,41.5,1882,4.110873864173311,8.811808.41.542025,2023-05-08,3
SPY231667,8.8797,41.50179167,2023-05-08,32,0,60,17.709985351562523,8.8125,41.5,1882,4.110873864173311,8.8797.41.501792,2023-05-08,5
SPY231668,8.8797,41.50179167,2023-05-08,32,0,60,17.709985351562523,8.8125,41.5,1882,4.110873864173311,8.8797.41.501792,2023-05-08,5
SPY231669,8.9179083335,41.477291665,2023-05-08,36,0,60,17.540002441406273,8.9375,41.4375,1882,4.110873864173311,8.917908.41.477292,2023-05-08,5
SPY231670,8.9179083335,41.477291665,2023-05-08,36,0,60,17.540002441406273,8.9375,41.4375,1882,4.110873864173311,8.917908.41.477292,2023-05-08,5
SPY231671,8.978108333000002,41.462241665,2023-05-08,53,0,60,17.489984130859398,NA,NA,1882,4.110873864173311,8.978108.41.462242,2023-05-08,5
SPY231672,8.978108333000002,41.462241665,2023-05-08,53,0,60,17.489984130859398,NA,NA,1882,4.110873864173311,8.978108.41.462242,2023-05-08,5
SPY231673,9.0296833335,41.453741665,2023-05-09,52,0,60,17.469995117187523,NA,NA,1883,4.110873864173311,9.029683.41.453742,2023-05-09,5
SPY231674,9.0296833335,41.453741665,2023-05-09,52,0,60,17.469995117187523,NA,NA,1883,4.110873864173311,9.029683.41.453742,2023-05-09,5
SPY231675,9.070683333,41.4361,2023-05-09,28,0,60,17.469995117187523,9,41.4375,1883,4.110873864173311,9.070683.41.4361,2023-05-09,5
SPY231676,9.070683333,41.4361,2023-05-09,28,0,60,17.469995117187523,9,41.4375,1883,4.110873864173311,9.070683.41.4361,2023-05-09,5
SPY231677,9.114983333,41.385216665,2023-05-09,58,1,60,17.499993896484398,NA,NA,1883,4.110873864173311,9.114983.41.385217,2023-05-09,5
SPY231678,9.114983333,41.385216665,2023-05-09,58,1,60,17.499993896484398,NA,NA,1883,4.110873864173311,9.114983.41.385217,2023-05-09,5
SPY231679,9.1752,41.371516670000005,2023-05-09,7,1,60,17.549981689453148,NA,NA,1883,4.110873864173311,9.1752.41.371517,2023-05-09,1
SPY231680,9.1752,41.371516670000005,2023-05-09,7,1,60,17.549981689453148,NA,NA,1883,4.110873864173311,9.1752.41.371517,2023-05-09,1
SPY231681,9.2190166665,41.360083335,2023-05-09,36,0,60,17.600000000000023,NA,NA,1883,4.110873864173311,9.219017.41.360083,2023-05-09,1
SPY231682,9.2190166665,41.360083335,2023-05-09,36,0,60,17.600000000000023,NA,NA,1883,4.110873864173311,9.219017.41.360083,2023-05-09,1
SPY231683,9.2571083335,41.322783335,2023-05-09,24,0,60,17.549981689453148,NA,NA,1883,4.110873864173311,9.257108.41.322783,2023-05-09,1
SPY231684,9.2571083335,41.322783335,2023-05-09,24,0,60,17.549981689453148,NA,NA,1883,4.110873864173311,9.257108.41.322783,2023-05-09,1
SPY231685,9.270758333,41.339325,2023-05-09,33,0,60,17.549981689453148,NA,NA,1883,4.110873864173311,9.270758.41.339325,2023-05-09,1
SPY231686,9.270758333,41.339325,2023-05-09,33,0,60,17.549981689453148,NA,NA,1883,4.110873864173311,9.270758.41.339325,2023-05-09,1
SPY231687,9.2762,41.377975,2023-05-09,30,0,60,17.600000000000023,NA,NA,1883,4.110873864173311,9.2762.41.377975,2023-05-09,1
SPY231688,9.2762,41.377975,2023-05-09,30,0,60,17.600000000000023,NA,NA,1883,4.110873864173311,9.2762.41.377975,2023-05-09,1
SPY231689,9.2648666665,41.41655833,2023-05-09,23,0,60,17.839990234375023,9.3125,41.4375,1883,4.110873864173311,9.264867.41.416558,2023-05-09,1
SPY231690,9.2648666665,41.41655833,2023-05-09,23,0,60,17.839990234375023,9.3125,41.4375,1883,4.110873864173311,9.264867.41.416558,2023-05-09,1
SPY231691,9.2685,41.450633335,2023-05-11,26,0,60,16.619989013671898,9.3125,41.4375,1885,4.110873864173311,9.2685.41.450633,2023-05-11,5
SPY231692,9.2685,41.450633335,2023-05-11,26,0,60,16.619989013671898,9.3125,41.4375,1885,4.110873864173311,9.2685.41.450633,2023-05-11,5
SPY231693,9.294216667,41.489175,2023-05-11,34,0,60,16.420007324218773,NA,NA,1885,4.110873864173311,9.294217.41.489175,2023-05-11,1
SPY231694,9.294216667,41.489175,2023-05-11,34,0,60,16.420007324218773,NA,NA,1885,4.110873864173311,9.294217.41.489175,2023-05-11,1
SPY231695,9.3247916665,41.51785,2023-05-11,53,0,60,16.420007324218773,NA,NA,1885,4.110873864173311,9.324792.41.51785,2023-05-11,1
SPY231696,9.3247916665,41.51785,2023-05-11,53,0,60,16.420007324218773,NA,NA,1885,4.110873864173311,9.324792.41.51785,2023-05-11,1
SPY231697,9.3645916665,41.537075,2023-05-11,32,0,60,17.029992675781273,NA,NA,1885,4.110873864173311,9.364592.41.537075,2023-05-11,1
SPY231698,9.3645916665,41.537075,2023-05-11,32,0,60,17.029992675781273,NA,NA,1885,4.110873864173311,9.364592.41.537075,2023-05-11,1
SPY231699,9.39375,41.543733329999995,2023-05-11,29,0,60,17.029992675781273,NA,NA,1885,4.110873864173311,9.39375.41.543733,2023-05-11,1
SPY231700,9.39375,41.543733329999995,2023-05-11,29,0,60,17.029992675781273,NA,NA,1885,4.110873864173311,9.39375.41.543733,2023-05-11,1
SPY231701,9.38705,41.57850833,2023-05-11,49,0,60,17.029992675781273,NA,NA,1885,4.110873864173311,9.38705.41.578508,2023-05-11,1
SPY231702,9.38705,41.57850833,2023-05-11,49,0,60,17.029992675781273,NA,NA,1885,4.110873864173311,9.38705.41.578508,2023-05-11,1
SPY231703,9.387541667,41.616758335,2023-05-11,43,0,60,17.689996337890648,9.4375,41.625,1885,4.110873864173311,9.387542.41.616758,2023-05-11,1
SPY231704,9.387541667,41.616758335,2023-05-11,43,0,60,17.689996337890648,9.4375,41.625,1885,4.110873864173311,9.387542.41.616758,2023-05-11,1
SPY231705,9.401933333,41.656,2023-05-11,44,0,60,17.689996337890648,9.4375,41.625,1885,4.110873864173311,9.401933.41.656,2023-05-11,1
SPY231706,9.401933333,41.656,2023-05-11,44,0,60,17.689996337890648,9.4375,41.625,1885,4.110873864173311,9.401933.41.656,2023-05-11,1
SPY231707,9.411825,41.6947,2023-05-11,32,0,60,18.089990234375023,NA,NA,1885,4.110873864173311,9.411825.41.6947,2023-05-11,1
SPY231708,9.411825,41.6947,2023-05-11,32,0,60,18.089990234375023,NA,NA,1885,4.110873864173311,9.411825.41.6947,2023-05-11,1
SPY231709,9.4140916665,41.732366670000005,2023-05-12,52,0,60,17.760003662109398,NA,NA,1886,4.110873864173311,9.414092.41.732367,2023-05-12,1
SPY231710,9.4140916665,41.732366670000005,2023-05-12,52,0,60,17.760003662109398,NA,NA,1886,4.110873864173311,9.414092.41.732367,2023-05-12,1
SPY231711,9.411316667,41.768891665,2023-05-12,31,0,60,17.760003662109398,NA,NA,1886,4.110873864173311,9.411317.41.768892,2023-05-12,1
SPY231712,9.411316667,41.768891665,2023-05-12,31,0,60,17.760003662109398,NA,NA,1886,4.110873864173311,9.411317.41.768892,2023-05-12,1
SPY231713,9.376425,43.02373333,2023-05-15,52,0,60,17.760003662109398,NA,NA,1889,4.110873864173311,9.376425.43.023733,2023-05-15,5
SPY231714,9.376425,43.02373333,2023-05-15,52,0,60,17.760003662109398,NA,NA,1889,4.110873864173311,9.376425.43.023733,2023-05-15,5
SPY231715,9.341575,42.99813333,2023-04-30,29,0,60,15.999993896484398,NA,NA,1874,4.110873864173311,9.341575.42.998133,2023-04-30,5
SPY231716,9.341575,42.99813333,2023-04-30,29,0,60,15.999993896484398,NA,NA,1874,4.110873864173311,9.341575.42.998133,2023-04-30,5
SPY231717,9.3349583335,42.965666665,2023-04-30,28,0,60,16.129998779296898,NA,NA,1874,4.110873864173311,9.334958.42.965667,2023-04-30,3
SPY231718,9.3349583335,42.965666665,2023-04-30,28,0,60,16.129998779296898,NA,NA,1874,4.110873864173311,9.334958.42.965667,2023-04-30,3
SPY231719,9.332466667,42.926758335,2023-04-30,76,0,60,16.129998779296898,NA,NA,1874,4.110873864173311,9.332467.42.926758,2023-04-30,3
SPY231720,9.332466667,42.926758335,2023-04-30,76,0,60,16.129998779296898,NA,NA,1874,4.110873864173311,9.332467.42.926758,2023-04-30,3
SPY231721,9.324641667,42.888383335,2023-04-30,20,0,60,16.269982910156273,NA,NA,1874,4.110873864173311,9.324642.42.888383,2023-04-30,3
SPY231722,9.324641667,42.888383335,2023-04-30,20,0,60,16.269982910156273,NA,NA,1874,4.110873864173311,9.324642.42.888383,2023-04-30,3
SPY231723,9.31225,42.849866665,2023-04-30,45,0,60,16.269982910156273,NA,NA,1874,4.110873864173311,9.31225.42.849867,2023-04-30,3
SPY231724,9.31225,42.849866665,2023-04-30,45,0,60,16.269982910156273,NA,NA,1874,4.110873864173311,9.31225.42.849867,2023-04-30,3
SPY231725,9.3154833335,42.813566665,2023-04-30,50,0,60,16.299981689453148,NA,NA,1874,4.110873864173311,9.315483.42.813567,2023-04-30,3
SPY231726,9.3154833335,42.813566665,2023-04-30,50,0,60,16.299981689453148,NA,NA,1874,4.110873864173311,9.315483.42.813567,2023-04-30,3
SPY231727,9.0454166665,42.685491665,2023-05-01,46,0,60,16.269982910156273,NA,NA,1875,4.110873864173311,9.045417.42.685492,2023-05-01,1
SPY231728,9.0454166665,42.685491665,2023-05-01,46,0,60,16.269982910156273,NA,NA,1875,4.110873864173311,9.045417.42.685492,2023-05-01,1
SPY231729,9.0096916665,42.658341665,2023-05-01,51,0,60,16.320001220703148,NA,NA,1875,4.110873864173311,9.009692.42.658342,2023-05-01,1
SPY231730,9.0096916665,42.658341665,2023-05-01,51,0,60,16.320001220703148,NA,NA,1875,4.110873864173311,9.009692.42.658342,2023-05-01,1
SPY231731,8.952275,42.649291665,2023-05-01,44,1,60,16.320001220703148,8.9375,42.6875,1875,4.110873864173311,8.952275.42.649292,2023-05-01,1
SPY231732,8.952275,42.649291665,2023-05-01,44,1,60,16.320001220703148,8.9375,42.6875,1875,4.110873864173311,8.952275.42.649292,2023-05-01,1
SPY231733,8.900883333500001,42.646550000000005,2023-05-01,61,1,60,16.230004882812523,8.875,42.6875,1875,4.110873864173311,8.900883.42.64655,2023-05-01,1
SPY231734,8.900883333500001,42.646550000000005,2023-05-01,61,1,60,16.230004882812523,8.875,42.6875,1875,4.110873864173311,8.900883.42.64655,2023-05-01,1
SPY231735,8.859383333499999,42.63401667,2023-05-01,66,0,60,16.140008544921898,8.8125,42.625,1875,4.110873864173311,8.859383.42.634017,2023-05-01,1
SPY231736,8.859383333499999,42.63401667,2023-05-01,66,0,60,16.140008544921898,8.8125,42.625,1875,4.110873864173311,8.859383.42.634017,2023-05-01,1
SPY231737,8.8112583335,42.618925,2023-05-01,67,0,60,16.140008544921898,NA,NA,1875,4.110873864173311,8.811258.42.618925,2023-05-01,1
SPY231738,8.8112583335,42.618925,2023-05-01,67,0,60,16.140008544921898,NA,NA,1875,4.110873864173311,8.811258.42.618925,2023-05-01,1
SPY231739,8.780750000000001,42.5913,2023-05-01,54,0,60,16.140008544921898,8.75,42.625,1875,4.110873864173311,8.78075.42.5913,2023-05-01,1
SPY231740,8.780750000000001,42.5913,2023-05-01,54,0,60,16.140008544921898,8.75,42.625,1875,4.110873864173311,8.78075.42.5913,2023-05-01,1
SPY231741,8.750025,42.580283335,2023-05-04,78,0,60,15.939996337890648,8.75,42.625,1878,4.110873864173311,8.750025.42.580283,2023-05-04,1
SPY231742,8.750025,42.580283335,2023-05-04,78,0,60,15.939996337890648,8.75,42.625,1878,4.110873864173311,8.750025.42.580283,2023-05-04,1
SPY231743,8.701925,42.544491664999995,2023-05-04,90,0,60,15.659997558593773,NA,NA,1878,4.110873864173311,8.701925.42.544492,2023-05-04,3
SPY231744,8.701925,42.544491664999995,2023-05-04,90,0,60,15.659997558593773,NA,NA,1878,4.110873864173311,8.701925.42.544492,2023-05-04,3
SPY231745,8.6565666665,42.460533334999994,2023-05-04,52,0,30,15.399987792968773,8.625,42.4375,1878,3.4339872044851463,8.656567.42.460533,2023-05-04,3
SPY231746,8.62655,42.434325,2023-05-04,77,0,60,15.399987792968773,NA,NA,1878,4.110873864173311,8.62655.42.434325,2023-05-04,3
SPY231747,8.62655,42.434325,2023-05-04,77,0,60,15.399987792968773,NA,NA,1878,4.110873864173311,8.62655.42.434325,2023-05-04,3
SPY231748,8.601666667,42.408975,2023-05-04,23,0,60,15.399987792968773,NA,NA,1878,4.110873864173311,8.601667.42.408975,2023-05-04,3
SPY231749,8.601666667,42.408975,2023-05-04,23,0,60,15.399987792968773,NA,NA,1878,4.110873864173311,8.601667.42.408975,2023-05-04,3
SPY231750,8.561775,42.380625,2023-05-04,82,0,60,15.529992675781273,NA,NA,1878,4.110873864173311,8.561775.42.380625,2023-05-04,3
SPY231751,8.549608332999998,42.352975,2023-05-04,62,0,60,15.529992675781273,NA,NA,1878,4.110873864173311,8.549608.42.352975,2023-05-04,3
SPY231752,8.5649166665,42.34123333,2023-05-04,152,0,60,15.689996337890648,NA,NA,1878,4.110873864173311,8.564917.42.341233,2023-05-04,3
SPY231753,8.5649166665,42.34123333,2023-05-04,152,0,60,15.689996337890648,NA,NA,1878,4.110873864173311,8.564917.42.341233,2023-05-04,3
SPY231754,8.596,42.333533329999995,2023-05-04,192,0,60,15.689996337890648,8.5625,42.3125,1878,4.110873864173311,8.596.42.333533,2023-05-04,3
SPY231755,8.596,42.333533329999995,2023-05-04,192,0,60,15.689996337890648,8.5625,42.3125,1878,4.110873864173311,8.596.42.333533,2023-05-04,3
SPY231756,8.632166666500002,42.298775,2023-05-05,36,0,60,16.409997558593773,8.5625,42.3125,1879,4.110873864173311,8.632167.42.298775,2023-05-05,3
SPY231757,8.632166666500002,42.298775,2023-05-05,36,0,60,16.409997558593773,8.5625,42.3125,1879,4.110873864173311,8.632167.42.298775,2023-05-05,3
SPY231758,8.6632333335,42.27836667,2023-05-05,164,1,60,16.579980468750023,8.5625,42.25,1879,4.110873864173311,8.663233.42.278367,2023-05-05,3
SPY231759,8.6632333335,42.27836667,2023-05-05,164,1,60,16.579980468750023,8.5625,42.25,1879,4.110873864173311,8.663233.42.278367,2023-05-05,3
SPY231760,8.641866667,42.26154167,2023-05-05,77,1,60,16.579980468750023,8.5625,42.25,1879,4.110873864173311,8.641867.42.261542,2023-05-05,3
SPY231761,8.641866667,42.26154167,2023-05-05,77,1,60,16.579980468750023,8.5625,42.25,1879,4.110873864173311,8.641867.42.261542,2023-05-05,3
SPY231762,8.56415,42.244125,2023-05-05,64,0,30,16.579980468750023,NA,NA,1879,3.4339872044851463,8.56415.42.244125,2023-05-05,3
SPY231763,8.5571083335,42.212108335,2023-05-05,66,0,30,16.609979248046898,NA,NA,1879,3.4339872044851463,8.557108.42.212108,2023-05-05,3
SPY231764,8.5628166665,42.190008335,2023-05-05,52,0,30,16.609979248046898,NA,NA,1879,3.4339872044851463,8.562817.42.190008,2023-05-05,3
SPY231765,8.5598333335,42.157883334999994,2023-05-05,60,0,30,16.609979248046898,NA,NA,1879,3.4339872044851463,8.559833.42.157883,2023-05-05,3
SPY231766,8.5672666665,42.134683335000005,2023-05-05,57,0,30,16.719995117187523,NA,NA,1879,3.4339872044851463,8.567267.42.134683,2023-05-05,3
SPY231767,8.6058833335,42.116975,2023-05-05,87,0,30,16.719995117187523,8.5625,42.125,1879,3.4339872044851463,8.605883.42.116975,2023-05-05,3
SPY231768,8.681091666499999,42.088325,2023-05-05,50,0,30,16.839990234375023,8.625,42.0625,1879,3.4339872044851463,8.681092.42.088325,2023-05-05,5
SPY231769,8.705549999999999,42.07003333,2023-05-05,111,0,30,16.839990234375023,8.625,42.0625,1879,3.4339872044851463,8.70555.42.070033,2023-05-05,5
SPY231770,8.729533333,42.05354167,2023-05-05,58,0,30,16.839990234375023,8.625,42.0625,1879,3.4339872044851463,8.729533.42.053542,2023-05-05,5
SPY231771,8.706975,42.037966665,2023-05-06,107,0,30,17.950006103515648,8.625,42.0625,1880,3.4339872044851463,8.706975.42.037967,2023-05-06,5
SPY231772,8.669541666499999,42.02905833,2023-05-06,37,0,30,17.649987792968773,8.625,42,1880,3.4339872044851463,8.669542.42.029058,2023-05-06,5
SPY231773,8.669541666499999,42.02905833,2023-05-06,37,0,30,17.649987792968773,8.625,42,1880,3.4339872044851463,8.669542.42.029058,2023-05-06,5
SPY231774,8.632825,41.985091665,2023-05-06,258,0,60,17.649987792968773,NA,NA,1880,4.110873864173311,8.632825.41.985092,2023-05-06,5
SPY231775,8.632825,41.985091665,2023-05-06,258,0,60,17.649987792968773,NA,NA,1880,4.110873864173311,8.632825.41.985092,2023-05-06,5
SPY231776,8.622108333,41.879783335,2023-05-06,143,0,60,17.629998779296898,NA,NA,1880,4.110873864173311,8.622108.41.879783,2023-05-06,5
SPY231777,8.622108333,41.879783335,2023-05-06,143,0,60,17.629998779296898,NA,NA,1880,4.110873864173311,8.622108.41.879783,2023-05-06,5
SPY231778,8.655,41.892841665,2023-05-06,235,0,60,17.629998779296898,NA,NA,1880,4.110873864173311,8.655.41.892842,2023-05-06,5
SPY231779,8.655,41.892841665,2023-05-06,235,0,60,17.629998779296898,NA,NA,1880,4.110873864173311,8.655.41.892842,2023-05-06,5
SPY231780,8.7032,41.902425,2023-05-06,37,0,60,17.700006103515648,NA,NA,1880,4.110873864173311,8.7032.41.902425,2023-05-06,5
SPY231781,8.7032,41.902425,2023-05-06,37,0,60,17.700006103515648,NA,NA,1880,4.110873864173311,8.7032.41.902425,2023-05-06,5
SPY231782,8.74925,41.913333335,2023-05-06,83,0,60,17.769982910156273,8.75,41.875,1880,4.110873864173311,8.74925.41.913333,2023-05-06,5
SPY231783,8.74925,41.913333335,2023-05-06,83,0,60,17.769982910156273,8.75,41.875,1880,4.110873864173311,8.74925.41.913333,2023-05-06,5
SPY231784,8.774808333500001,41.90391667,2023-05-06,271,0,60,17.769982910156273,NA,NA,1880,4.110873864173311,8.774808.41.903917,2023-05-06,5
SPY231785,8.774808333500001,41.90391667,2023-05-06,271,0,60,17.769982910156273,NA,NA,1880,4.110873864173311,8.774808.41.903917,2023-05-06,5
SPY231786,8.7780833335,41.873625,2023-05-07,24,0,60,17.890008544921898,NA,NA,1881,4.110873864173311,8.778083.41.873625,2023-05-07,5
SPY231787,8.7780833335,41.873625,2023-05-07,24,0,60,17.890008544921898,NA,NA,1881,4.110873864173311,8.778083.41.873625,2023-05-07,5
SPY231788,8.7607,41.84694167,2023-05-07,26,0,60,17.890008544921898,NA,NA,1881,4.110873864173311,8.7607.41.846942,2023-05-07,5
SPY231789,8.7607,41.84694167,2023-05-07,26,0,60,17.890008544921898,NA,NA,1881,4.110873864173311,8.7607.41.846942,2023-05-07,5
SPY231790,8.746583333,41.82686667,2023-05-07,148,0,60,17.779992675781273,NA,NA,1881,4.110873864173311,8.746583.41.826867,2023-05-07,5
SPY231791,8.746583333,41.82686667,2023-05-07,148,0,60,17.779992675781273,NA,NA,1881,4.110873864173311,8.746583.41.826867,2023-05-07,5
SPY231792,8.7355833335,41.814075,2023-05-07,45,0,60,17.779992675781273,NA,NA,1881,4.110873864173311,8.735583.41.814075,2023-05-07,5
SPY231793,8.7355833335,41.814075,2023-05-07,45,0,60,17.779992675781273,NA,NA,1881,4.110873864173311,8.735583.41.814075,2023-05-07,5
SPY231794,8.68185,41.731341665,2023-05-07,47,0,30,17.679986572265648,NA,NA,1881,3.4339872044851463,8.68185.41.731342,2023-05-07,3
SPY231795,8.708566666500001,41.775466665,2023-05-07,58,0,30,17.679986572265648,NA,NA,1881,3.4339872044851463,8.708567.41.775467,2023-05-07,3
SPY231796,8.720925000000001,41.722116665,2023-05-07,14,0,60,17.679986572265648,NA,NA,1881,4.110873864173311,8.720925.41.722117,2023-05-07,3
SPY231797,8.720925000000001,41.722116665,2023-05-07,14,0,60,17.679986572265648,NA,NA,1881,4.110873864173311,8.720925.41.722117,2023-05-07,3
SPY231798,8.753091667,41.720258335,2023-05-07,140,0,60,17.679986572265648,NA,NA,1881,4.110873864173311,8.753092.41.720258,2023-05-07,3
SPY231865,8.73509,42.57079,2023-05-31,29,0,15,20.019982910156273,8.6875,42.5625,1905,2.772588722239781,8.73509.42.57079,2023-05-31,1
SPY231866,8.80322,42.586380000000005,2024-05-14,11,0,31,17.850000000000023,8.8125,42.625,2254,3.4657359027997265,8.80322.42.58638,2024-05-14,1
SPY231867,8.80322,42.586380000000005,2024-05-14,11,0,30,17.850000000000023,8.8125,42.625,2254,3.4339872044851463,8.80322.42.58638,2024-05-14,1
SPY231868,8.71846,42.5818,2024-05-14,38,1,30.01,17.779992675781273,8.6875,42.5625,2254,3.4343097331123578,8.71846.42.5818,2024-05-14,1
SPY231869,8.727343,42.585406,2025-06-12,33,0,30,22.450006103515648,8.6875,42.5625,2648,3.4339872044851463,8.727343.42.585406,2025-06-12,1
SPY231870,8.72766,42.57544,2023-05-30,22,0,30,19.839990234375023,NA,NA,1904,3.4339872044851463,8.72766.42.57544,2023-05-30,1
SPY231871,8.72848,42.58018,2023-05-30,29,0,15,19.839990234375023,NA,NA,1904,2.772588722239781,8.72848.42.58018,2023-05-30,1
SPY231872,8.426316,43.021408,2023-06-02,2635,0,30,20.119989013671898,NA,NA,1907,3.4339872044851463,8.426316.43.021408,2023-06-02,2
SPY231873,8.7318,42.56473,2023-05-31,17,0,30,20.019982910156273,8.6875,42.5625,1905,3.4339872044851463,8.7318.42.56473,2023-05-31,1
SPY231874,8.7318,42.56473,2023-05-31,17,0,30,20.019982910156273,8.6875,42.5625,1905,3.4339872044851463,8.7318.42.56473,2023-05-31,1
SPY231876,8.71846,42.5818,2024-05-14,38,1,31.38,17.779992675781273,8.6875,42.5625,2254,3.477540948249489,8.71846.42.5818,2024-05-14,1
SPY231877,8.72848,42.58018,2023-05-30,29,0,15,19.829980468750023,NA,NA,1904,2.772588722239781,8.72848.42.58018,2023-05-30,1
SPY231878,8.72766,42.57544,2023-05-30,22,0,30,19.829980468750023,NA,NA,1904,3.4339872044851463,8.72766.42.57544,2023-05-30,1
SPY231880,8.134876,43.009391,2023-06-02,2617,0,30,20.159997558593773,NA,NA,1907,3.4339872044851463,8.134876.43.009391,2023-06-02,3
SPY231882,8.713347,42.578748,2025-06-12,79,1,30,22.450006103515648,8.6875,42.5625,2648,3.4339872044851463,8.713347.42.578748,2025-06-12,1
SPY231883,8.805043,42.594238,2025-06-12,13,0,30,22.579980468750023,8.8125,42.625,2648,3.4339872044851463,8.805043.42.594238,2025-06-12,1
SPY231884,8.795792,42.582051,2025-06-12,24,0,30,22.579980468750023,8.8125,42.625,2648,3.4339872044851463,8.795792.42.582051,2025-06-12,1
SPY231885,9.521133333,42.94783333,2023-06-06,69,0,30,21.629998779296898,9.5,42.9375,1911,3.4339872044851463,9.521133.42.947833,2023-06-06,5
SPY231886,9.521133333,42.94783333,2023-06-06,69,0,30,21.019982910156273,NA,NA,1911,3.4339872044851463,9.521133.42.947833,2023-06-06,5
SPY231887,9.47295,42.9848,2023-06-06,11,1,30,21.629998779296898,9.5,43,1911,3.4339872044851463,9.47295.42.9848,2023-06-06,5
SPY231888,9.47295,42.9848,2023-06-06,11,1,30,21.629998779296898,9.5,43,1911,3.4339872044851463,9.47295.42.9848,2023-06-06,5
SPY231889,9.181033333,42.73793333,2023-06-07,25,0,30,21.320001220703148,9.1875,42.75,1912,3.4339872044851463,9.181033.42.737933,2023-06-07,3
SPY231890,9.181033333,42.73793333,2023-06-07,25,0,30,22.689996337890648,NA,NA,1912,3.4339872044851463,9.181033.42.737933,2023-06-07,3
SPY231891,9.205666667,42.76825,2023-06-08,69,0,30,21.540002441406273,9.1875,42.75,1913,3.4339872044851463,9.205667.42.76825,2023-06-08,3
SPY231892,9.205666667,42.76825,2023-06-08,69,0,30,21.540002441406273,9.1875,42.75,1913,3.4339872044851463,9.205667.42.76825,2023-06-08,3
SPY231893,8.722583333,42.59326667,2023-06-08,69,1,30,21.540002441406273,NA,NA,1913,3.4339872044851463,8.722583.42.593267,2023-06-08,1
SPY231894,8.722583333,42.59326667,2023-06-08,69,1,30,21.540002441406273,NA,NA,1913,3.4339872044851463,8.722583.42.593267,2023-06-08,1
SPY231895,8.74148333,42.5707333,2023-06-08,33,0,30,21.540002441406273,NA,NA,1913,3.4339872044851463,8.741483.42.570733,2023-06-08,1
SPY231896,8.74148333,42.5707333,2023-06-08,33,0,30,21.540002441406273,NA,NA,1913,3.4339872044851463,8.741483.42.570733,2023-06-08,1
SPY231897,8.5442,42.384,2023-06-09,76,0,30,21.679986572265648,8.5625,42.375,1914,3.4339872044851463,8.5442.42.384,2023-06-09,3
SPY231898,8.5442,42.384,2023-06-09,76,0,30,21.679986572265648,8.5625,42.375,1914,3.4339872044851463,8.5442.42.384,2023-06-09,3
SPY231899,8.531383333,42.2366,2023-06-10,84,0,30,22.869989013671898,8.5625,42.25,1915,3.4339872044851463,8.531383.42.2366,2023-06-10,3
SPY231900,8.531383333,42.2366,2023-06-10,84,0,30,22.869989013671898,8.5625,42.25,1915,3.4339872044851463,8.531383.42.2366,2023-06-10,3
SPY231901,8.542783333,42.23845,2023-06-10,21,0,30,22.809991455078148,NA,NA,1915,3.4339872044851463,8.542783.42.23845,2023-06-10,3
SPY231902,8.542783333,42.23845,2023-06-10,21,0,30,22.809991455078148,NA,NA,1915,3.4339872044851463,8.542783.42.23845,2023-06-10,3
SPY231903,8.722366667,41.90135,2023-06-12,64,0,30,23.279992675781273,NA,NA,1917,3.4339872044851463,8.722367.41.90135,2023-06-12,5
SPY231904,8.722366667,41.90135,2023-06-12,64,0,30,23.279992675781273,NA,NA,1917,3.4339872044851463,8.722367.41.90135,2023-06-12,5
SPY231905,8.755816667,41.83903333,2023-06-13,13,0,30,24.109979248046898,NA,NA,1918,3.4339872044851463,8.755817.41.839033,2023-06-13,5
SPY231906,8.755816667,41.83903333,2023-06-13,13,0,30,24.109979248046898,NA,NA,1918,3.4339872044851463,8.755817.41.839033,2023-06-13,5
SPY231907,8.881533333,41.50871667,2023-06-14,21,0,30,23.309991455078148,NA,NA,1919,3.4339872044851463,8.881533.41.508717,2023-06-14,5
SPY231908,8.881533333,41.50871667,2023-06-14,21,0,30,23.309991455078148,NA,NA,1919,3.4339872044851463,8.881533.41.508717,2023-06-14,5
SPY231909,8.883166667,41.42431667,2023-06-15,56,0,30,23.309991455078148,NA,NA,1920,3.4339872044851463,8.883167.41.424317,2023-06-15,5
SPY231910,8.883166667,41.42431667,2023-06-15,56,0,30,23.309991455078148,NA,NA,1920,3.4339872044851463,8.883167.41.424317,2023-06-15,5
SPY231911,9.40225,41.52868333,2023-06-15,45,0,30,23.2600036621094,9.375,41.5,1920,3.4339872044851463,9.40225.41.528683,2023-06-15,1
SPY231912,9.40225,41.52868333,2023-06-15,45,0,30,23.2600036621094,9.375,41.5,1920,3.4339872044851463,9.40225.41.528683,2023-06-15,1
SPY231913,9.278333333,41.4707,2023-06-16,12,0,30,22.879998779296898,NA,NA,1921,3.4339872044851463,9.278333.41.4707,2023-06-16,5
SPY231914,9.278333333,41.4707,2023-06-16,12,0,30,22.879998779296898,NA,NA,1921,3.4339872044851463,9.278333.41.4707,2023-06-16,5
SPY231915,9.407883333,41.72136667,2023-06-16,2,0,30,22.700006103515648,NA,NA,1921,3.4339872044851463,9.407883.41.721367,2023-06-16,1
SPY231916,9.407883333,41.72136667,2023-06-16,2,0,30,22.700006103515648,NA,NA,1921,3.4339872044851463,9.407883.41.721367,2023-06-16,1
SPY232040,5.2372664,43.3307417,2023-05-26,10,0,30,19.040002441406273,5.25,43.25,1900,3.4339872044851463,5.237266.43.330742,2023-05-26,4
SPY232041,5.1627600000000005,43.327614999999994,2023-05-26,6,1,30,18.859979248046898,5.0625,43.3125,1900,3.4339872044851463,5.16276.43.327615,2023-05-26,4
SPY232042,5.2815995,43.352283150000005,2023-05-26,20,0,30,18.950006103515648,5.3125,43.25,1900,3.4339872044851463,5.281599.43.352283,2023-05-26,4
SPY232043,5.89159,43.06606,2023-07-12,32,0,30,25.079980468750023,5.875,43,1947,3.4339872044851463,5.89159.43.06606,2023-07-12,2
SPY232044,4.951935000000001,43.390915,2023-07-16,17,0,30,24.299981689453148,4.9375,43.3125,1951,3.4339872044851463,4.951935.43.390915,2023-07-16,2
SPY232045,4.44908,43.39738,2023-07-18,18,0,30,25.469995117187523,4.4375,43.375,1953,3.4339872044851463,4.44908.43.39738,2023-07-18,4
SPY232046,6.25633,43.09687,2023-07-11,16,0,30,25.7399841308594,6.125,43,1946,3.4339872044851463,6.25633.43.09687,2023-07-11,3
SPY232047,4.93171,43.364895,2023-07-16,20,0,30,24.299981689453148,4.9375,43.3125,1951,3.4339872044851463,4.93171.43.364895,2023-07-16,2
SPY232048,5.2360837,43.330324950000005,2023-05-26,10,0,30,19.040002441406273,5.25,43.25,1900,3.4339872044851463,5.236084.43.330325,2023-05-26,4
SPY232049,5.2841998,43.3541,2023-05-26,14,0,30,18.950006103515648,5.3125,43.25,1900,3.4339872044851463,5.2842.43.3541,2023-05-26,4
SPY232050,3.1571,42.474025,2023-06-05,2,0,30,20.869989013671898,NA,NA,1910,3.4339872044851463,3.1571.42.474025,2023-06-05,5
SPY232051,5.028505,43.332105,2023-07-16,9,0,30,24.269982910156273,5,43.3125,1951,3.4339872044851463,5.028505.43.332105,2023-07-16,5
SPY232052,6.946735,43.482065,2023-07-06,15,0,30,25.379998779296898,NA,NA,1941,3.4339872044851463,6.946735.43.482065,2023-07-06,1
SPY232053,7.1269415,43.586782,2023-06-18,1,0,30,24.4899841308594,NA,NA,1923,3.4339872044851463,7.126942.43.586782,2023-06-18,1
SPY232054,6.737875,43.387285,2023-07-07,35,0,30,25.779992675781273,6.75,43.375,1942,3.4339872044851463,6.737875.43.387285,2023-07-07,1
SPY232055,7.053335000000001,43.535475000000005,2023-07-06,21,0,30,25.409997558593773,7.0625,43.5,1941,3.4339872044851463,7.053335.43.535475,2023-07-06,1
SPY232056,5.1629000000000005,43.327695,2023-05-26,6,1,30,18.859979248046898,5.0625,43.3125,1900,3.4339872044851463,5.1629.43.327695,2023-05-26,4
SPY232057,3.174875,42.43296,2023-06-05,18,0,30,21.230004882812523,NA,NA,1910,3.4339872044851463,3.174875.42.43296,2023-06-05,5
SPY232060,7.099640000000001,43.54992,2023-07-05,19,0,30,24.909997558593773,NA,NA,1940,3.4339872044851463,7.09964.43.54992,2023-07-05,1
SPY232061,7.1372800000000005,43.619395,2023-07-05,24,0,30,24.969995117187523,NA,NA,1940,3.4339872044851463,7.13728.43.619395,2023-07-05,1
SPY232062,7.126704,43.586693,2023-06-18,1,0,30,23.7499938964844,NA,NA,1923,3.4339872044851463,7.126704.43.586693,2023-06-18,1
SPY232063,7.053755,43.536435,2023-07-06,21,0,30,25.409997558593773,7.0625,43.5,1941,3.4339872044851463,7.053755.43.536435,2023-07-06,1
SPY232066,7.225085,43.653465,2023-07-05,26,0,30,24.969995117187523,NA,NA,1940,3.4339872044851463,7.225085.43.653465,2023-07-05,1
SPY232067,7.13732,43.618845,2023-07-05,24,0,30,24.909997558593773,NA,NA,1940,3.4339872044851463,7.13732.43.618845,2023-07-05,1
SPY232068,6.988505,43.54515,2023-07-06,38,0,30,25.4899841308594,7,43.5,1941,3.4339872044851463,6.988505.43.54515,2023-07-06,1
SPY232069,7.35975,43.71261,2023-07-04,30,0,30,25.089990234375023,7.375,43.6875,1939,3.4339872044851463,7.35975.43.71261,2023-07-04,2
SPY232070,8.740983,41.929353,2023-06-25,11,0,30,24.859979248046898,NA,NA,1930,3.4339872044851463,8.740983.41.929353,2023-06-25,5
SPY232071,8.366590500000001,41.8966525,2023-06-24,1676,0,30,23.879998779296898,NA,NA,1929,3.4339872044851463,8.366591.41.896652,2023-06-24,3
SPY232072,10.095968,41.6668165,2023-06-12,850,0,30,23.279992675781273,NA,NA,1917,3.4339872044851463,10.095968.41.666817,2023-06-12,2
SPY232074,9.54292,42.520165,2023-08-14,7,0,30,26.040002441406273,NA,NA,1980,3.4339872044851463,9.54292.42.520165,2023-08-14,5
SPY232077,9.772288,42.774927,2023-06-13,593,0,30,23.809991455078148,NA,NA,1918,3.4339872044851463,9.772288.42.774927,2023-06-13,3
SPY232078,9.501225000000002,42.038345,2023-08-12,9,0,30,25.149987792968773,9.5,42,1978,3.4339872044851463,9.501225.42.038345,2023-08-12,4
SPY232080,8.149982999999999,43.0773455,2023-05-09,2606,0,30,18.079980468750023,NA,NA,1883,3.4339872044851463,8.149983.43.077346,2023-05-09,3
SPY232082,9.567745,42.203835,2023-08-13,11,0,30,25.070001220703148,9.5625,42.1875,1979,3.4339872044851463,9.567745.42.203835,2023-08-13,5
SPY232083,9.45055,41.981930000000006,2023-08-11,10,0,30,25.450006103515648,9.5,42,1977,3.4339872044851463,9.45055.41.98193,2023-08-11,4
SPY232084,7.830462499999999,43.381308,2023-05-13,2325,0,30,17.629998779296898,NA,NA,1887,3.4339872044851463,7.830462.43.381308,2023-05-13,4
SPY232085,10.1078785,41.665952,2023-06-12,826,0,30,23.279992675781273,NA,NA,1917,3.4339872044851463,10.107878.41.665952,2023-06-12,2
SPY232086,8.366063,41.8991095,2023-06-24,1676,0,30,24.589990234375023,NA,NA,1929,3.4339872044851463,8.366063.41.89911,2023-06-24,3
SPY232087,3.161445,42.46238,2023-08-22,19,1,30,25.299981689453148,NA,NA,1988,3.4339872044851463,3.161445.42.46238,2023-08-22,5
SPY232088,3.1617300000000004,42.462175,2023-08-22,19,1,30,25.299981689453148,NA,NA,1988,3.4339872044851463,3.16173.42.462175,2023-08-22,5
SPY232089,4.82116,43.386849999999995,2023-07-24,1,0,30,22.799981689453148,NA,NA,1959,3.4339872044851463,4.82116.43.38685,2023-07-24,2
SPY232090,9.360665,41.630255000000005,2023-08-08,7,0,30,25.369989013671898,9.4375,41.625,1974,3.4339872044851463,9.360665.41.630255,2023-08-08,1
SPY232091,9.8541065,42.04034,2023-06-12,746,0,30,22.670007324218773,NA,NA,1917,3.4339872044851463,9.854106.42.04034,2023-06-12,3
SPY232092,8.148235,43.066162,2023-05-09,2613,0,30,18.079980468750023,NA,NA,1883,3.4339872044851463,8.148235.43.066162,2023-05-09,3
SPY232093,9.7742055,42.7742895,2023-06-13,593,0,30,23.809991455078148,NA,NA,1918,3.4339872044851463,9.774206.42.77429,2023-06-13,3
SPY232094,3.17629,42.44118,2023-08-22,23,0,30,25.299981689453148,NA,NA,1988,3.4339872044851463,3.17629.42.44118,2023-08-22,5
SPY232095,8.741251,41.929852,2023-06-25,11,0,30,24.859979248046898,NA,NA,1930,3.4339872044851463,8.741251.41.929852,2023-06-25,5
SPY232096,9.467105,42.644555,2023-08-15,14,0,30,26.5100036621094,NA,NA,1981,3.4339872044851463,9.467105.42.644555,2023-08-15,3
SPY232097,4.819520000000001,43.386555,2023-07-24,2,0,30,22.649987792968773,NA,NA,1959,3.4339872044851463,4.81952.43.386555,2023-07-24,2
SPY232098,7.994908,43.16016065,2023-05-09,2586,0,30,18.219995117187523,NA,NA,1883,3.4339872044851463,7.994908.43.160161,2023-05-09,3
SPY232099,9.85574,42.0345235,2023-06-12,748,0,30,22.670007324218773,NA,NA,1917,3.4339872044851463,9.85574.42.034524,2023-06-12,3
SPY232100,6.69056,43.27637,2023-07-08,11,0,30,25.070001220703148,6.6875,43.25,1943,3.4339872044851463,6.69056.43.27637,2023-07-08,2
SPY232101,6.615715,43.281735,2023-07-08,21,0,30,25.070001220703148,6.6875,43.25,1943,3.4339872044851463,6.615715.43.281735,2023-07-08,2
SPY232102,6.81245,43.410125,2023-07-07,12,0,30,25.869989013671898,6.8125,43.375,1942,3.4339872044851463,6.81245.43.410125,2023-07-07,1
SPY232103,6.9467099999999995,43.482055,2023-07-06,15,0,30,25.4899841308594,7,43.5,1941,3.4339872044851463,6.94671.43.482055,2023-07-06,1
SPY232104,7.443115,43.74563,2023-07-04,30,1,30,25.0100036621094,7.4375,43.75,1939,3.4339872044851463,7.443115.43.74563,2023-07-04,2
SPY232105,7.516295,43.771505000000005,2023-07-03,15,0,30,25.119989013671898,7.5,43.75,1938,3.4339872044851463,7.516295.43.771505,2023-07-03,2
SPY232106,6.989495,43.54527,2023-07-06,38,0,30,25.4899841308594,7,43.5,1941,3.4339872044851463,6.989495.43.54527,2023-07-06,1
SPY232107,7.2839195,43.69497,2023-06-18,7,0,30,23.7499938964844,NA,NA,1923,3.4339872044851463,7.283919.43.69497,2023-06-18,3
SPY232108,6.67534,43.19252,2023-07-09,21,0,30,25.019982910156273,NA,NA,1944,3.4339872044851463,6.67534.43.19252,2023-07-09,2
SPY232109,6.617125,43.282825,2023-07-08,20,0,30,25.070001220703148,6.6875,43.25,1943,3.4339872044851463,6.617125.43.282825,2023-07-08,2
SPY232110,6.738165,43.387765,2023-07-07,25,0,30,25.779992675781273,6.75,43.375,1942,3.4339872044851463,6.738165.43.387765,2023-07-07,1
SPY232111,6.81251,43.41014,2023-07-07,19,0,30,25.869989013671898,6.8125,43.375,1942,3.4339872044851463,6.81251.43.41014,2023-07-07,1
SPY232112,7.443895,43.746185,2023-07-04,13,1,30,24.929986572265648,NA,NA,1939,3.4339872044851463,7.443895.43.746185,2023-07-04,2
SPY232113,4.114599999999999,43.498325,2023-07-19,2,0,30,26.049981689453148,NA,NA,1954,3.4339872044851463,4.1146.43.498325,2023-07-19,4
SPY232114,3.2412850000000004,43.183965,2023-07-23,18,0,30,23.609979248046898,NA,NA,1958,3.4339872044851463,3.241285.43.183965,2023-07-23,1
SPY232115,3.2401299999999997,43.183175,2023-07-23,19,0,30,23.609979248046898,NA,NA,1958,3.4339872044851463,3.24013.43.183175,2023-07-23,1
SPY232116,6.570705,43.18105,2023-07-09,18,0,28,24.929986572265648,6.5625,43.125,1944,3.367295829986474,6.570705.43.18105,2023-07-09,3
SPY232117,6.690065,43.276675,2023-07-08,11,0,30,25.070001220703148,6.6875,43.25,1943,3.4339872044851463,6.690065.43.276675,2023-07-08,2
SPY232118,6.6789000000000005,43.32638,2023-07-07,28,0,30,25.779992675781273,NA,NA,1942,3.4339872044851463,6.6789.43.32638,2023-07-07,2
SPY232119,7.223595,43.65166,2023-07-05,12,0,30,25.049981689453148,7.25,43.625,1940,3.4339872044851463,7.223595.43.65166,2023-07-05,1
SPY232120,7.517379999999999,43.772025,2023-07-03,20,0,30,25.119989013671898,7.5,43.75,1938,3.4339872044851463,7.51738.43.772025,2023-07-03,2
SPY232121,4.308085,43.42051,2023-07-18,19,0,30,25.609979248046898,NA,NA,1953,3.4339872044851463,4.308085.43.42051,2023-07-18,4
SPY232122,6.104965,43.071235,2023-07-11,17,0,30,25.7399841308594,6.125,43,1946,3.4339872044851463,6.104965.43.071235,2023-07-11,2
SPY232123,6.380105,43.116165,2023-07-10,29,0,30,25.149987792968773,NA,NA,1945,3.4339872044851463,6.380105.43.116165,2023-07-10,3
SPY232124,6.568994999999999,43.18093,2023-07-09,18,0,30,24.929986572265648,6.5625,43.125,1944,3.4339872044851463,6.568995.43.18093,2023-07-09,3
SPY232125,6.675885,43.192655,2023-07-09,21,0,30,25.019982910156273,NA,NA,1944,3.4339872044851463,6.675885.43.192655,2023-07-09,2
SPY232126,6.678885,43.32693,2023-07-07,28,0,29,25.899987792968773,6.75,43.3125,1942,3.4011973816621555,6.678885.43.32693,2023-07-07,1
SPY232127,7.36105,43.71323,2023-07-04,30,0,30,24.929986572265648,NA,NA,1939,3.4339872044851463,7.36105.43.71323,2023-07-04,2
SPY232128,7.099975000000001,43.54991,2023-07-05,19,0,30,25.040002441406273,7.125,43.5,1940,3.4339872044851463,7.099975.43.54991,2023-07-05,1
SPY232129,7.283592499999999,43.6946035,2023-06-18,7,0,30,24.4899841308594,NA,NA,1923,3.4339872044851463,7.283592.43.694604,2023-06-18,3
SPY232130,3.038025,42.62468,2023-08-21,3,0,30,24.719995117187523,3.0625,42.625,1987,3.4339872044851463,3.038025.42.62468,2023-08-21,2
SPY232131,5.800115,43.064355,2023-07-14,28,0,30,25.059991455078148,5.75,43.0625,1949,3.4339872044851463,5.800115.43.064355,2023-07-14,2
SPY232132,3.0646899999999997,42.536895,2023-08-23,12,0,30,25.570001220703148,3.0625,42.5625,1989,3.4339872044851463,3.06469.42.536895,2023-08-23,2
SPY232133,4.111075,43.55028,2023-07-19,2,0,30,25.640008544921898,NA,NA,1954,3.4339872044851463,4.111075.43.55028,2023-07-19,4
SPY232134,4.561355000000001,43.35161,2023-07-17,17,0,30,24.779992675781273,NA,NA,1952,3.4339872044851463,4.561355.43.35161,2023-07-17,3
SPY232135,3.04364,42.617549999999994,2023-08-21,4,0,30,24.719995117187523,3.0625,42.625,1987,3.4339872044851463,3.04364.42.61755,2023-08-21,2
SPY232136,3.038535,42.618075000000005,2023-08-21,4,0,30,24.719995117187523,3.0625,42.625,1987,3.4339872044851463,3.038535.42.618075,2023-08-21,2
SPY232137,3.1484,43.101420000000005,2023-07-24,20,0,30,22.649987792968773,NA,NA,1959,3.4339872044851463,3.1484.43.10142,2023-07-24,1
SPY232138,3.07067,42.536475,2023-08-23,9,0,30,27.299981689453148,NA,NA,1989,3.4339872044851463,3.07067.42.536475,2023-08-23,5
SPY232139,5.79822,43.06478,2023-07-14,23,0,30,25.059991455078148,5.75,43.0625,1949,3.4339872044851463,5.79822.43.06478,2023-07-14,2
SPY232140,5.359695,43.260545,2023-07-15,15,0,30,24.809991455078148,5.3125,43.25,1950,3.4339872044851463,5.359695.43.260545,2023-07-15,4
SPY232141,6.255515,43.096665,2023-07-11,16,0,30,25.7399841308594,6.125,43,1946,3.4339872044851463,6.255515.43.096665,2023-07-11,3
SPY232142,6.20075,43.057950000000005,2023-07-11,19,0,30,25.7399841308594,6.125,43,1946,3.4339872044851463,6.20075.43.05795,2023-07-11,3
SPY232143,3.0554854999999996,42.6803025,2023-09-20,21,0,30,23.869989013671898,NA,NA,2017,3.4339872044851463,3.055485.42.680303,2023-09-20,2
SPY232144,4.44619,43.39821,2023-07-18,18,0,30,25.4899841308594,NA,NA,1953,3.4339872044851463,4.44619.43.39821,2023-07-18,4
SPY232145,3.0592365,42.788442,2023-09-20,21,0,30,23.869989013671898,NA,NA,2017,3.4339872044851463,3.059236.42.788442,2023-09-20,2
SPY232146,4.11102,43.550015,2023-07-19,2,0,30,25.640008544921898,NA,NA,1954,3.4339872044851463,4.11102.43.550015,2023-07-19,4
SPY232147,6.200810000000001,43.058135,2023-07-11,19,0,30,25.7399841308594,6.125,43,1946,3.4339872044851463,6.20081.43.058135,2023-07-11,3
SPY232148,4.931725,43.365405,2023-07-16,20,0,30,24.299981689453148,4.9375,43.3125,1951,3.4339872044851463,4.931725.43.365405,2023-07-16,2
SPY232149,4.166215,43.44765,2023-07-18,17,0,30,25.4899841308594,NA,NA,1953,3.4339872044851463,4.166215.43.44765,2023-07-18,4
SPY232150,5.788679999999999,43.10934,2023-07-14,17,0,30,25.059991455078148,5.75,43.125,1949,3.4339872044851463,5.78868.43.10934,2023-07-14,2
SPY232151,3.089886,42.762486,2023-09-20,30,0,15,23.869989013671898,NA,NA,2017,2.772588722239781,3.089886.42.762486,2023-09-20,2
SPY232152,5.6649449999999995,43.1777,2023-07-14,17,0,30,24.9999938964844,5.6875,43.125,1949,3.4339872044851463,5.664945.43.1777,2023-07-14,4
SPY232154,3.04364,42.617549999999994,2023-08-21,4,0,30,24.719995117187523,3.0625,42.625,1987,3.4339872044851463,3.04364.42.61755,2023-08-21,2
SPY232155,3.148505,43.101524999999995,2023-07-24,20,0,30,22.799981689453148,NA,NA,1959,3.4339872044851463,3.148505.43.101525,2023-07-24,1
SPY232156,4.128685000000001,43.518335,2023-07-19,3,0,30,25.850000000000023,NA,NA,1954,3.4339872044851463,4.128685.43.518335,2023-07-19,4
SPY232157,11.1166165,42.2511335,2023-09-03,64,0,15,24.700006103515648,NA,NA,2000,2.772588722239781,11.116616.42.251134,2023-09-03,4
SPY232158,3.1137699999999997,43.10937,2023-07-25,1,0,30,26.129998779296898,NA,NA,1960,3.4339872044851463,3.11377.43.10937,2023-07-25,1
SPY232159,4.16676,43.447445,2023-07-18,16,0,30,25.469995117187523,NA,NA,1953,3.4339872044851463,4.16676.43.447445,2023-07-18,4
SPY232160,5.2191414,43.33045295,2023-12-18,28,0,30,14.999993896484398,5.25,43.25,2106,3.4339872044851463,5.219141.43.330453,2023-12-18,4
SPY232161,3.7688588,43.4298712,2024-04-02,1,0,30,14.059991455078148,3.8125,43.4375,2212,3.4339872044851463,3.768859.43.429871,2024-04-02,4
SPY232163,9.2892666,42.9589,2023-07-24,322,0,60,26.629998779296898,9.3125,42.9375,1959,4.110873864173311,9.289267.42.9589,2023-07-24,3
SPY232164,3.7688588,43.4298712,2024-04-02,1,0,30,14.059991455078148,3.8125,43.4375,2212,3.4339872044851463,3.768859.43.429871,2024-04-02,4
SPY232165,8.455995999999999,43.4105985,2023-06-13,2604,0,30,23.709985351562523,NA,NA,1918,3.4339872044851463,8.455996.43.410598,2023-06-13,1
SPY232166,7.01337,42.9716385,2023-06-23,2494,0,30,22.589990234375023,7,43,1928,3.4339872044851463,7.01337.42.971638,2023-06-23,2
SPY232167,7.995991,43.1583265,2023-05-09,2590,0,30,18.219995117187523,NA,NA,1883,3.4339872044851463,7.995991.43.158326,2023-05-09,3
SPY232168,6.160413,43.084618,2024-06-18,5,0,30,19.629998779296898,NA,NA,2289,3.4339872044851463,6.160413.43.084618,2024-06-18,3
SPY232169,9.2436083,42.981533299999995,2023-07-24,461,0,60,26.159997558593773,9.25,43,1959,4.110873864173311,9.243608.42.981533,2023-07-24,3
SPY232170,5.2191414,43.33045295,2023-12-18,28,0,30,14.999993896484398,5.25,43.25,2106,3.4339872044851463,5.219141.43.330453,2023-12-18,4
SPY232171,9.2892666,42.9589,2023-07-24,322,0,60,26.629998779296898,9.3125,42.9375,1959,4.110873864173311,9.289267.42.9589,2023-07-24,3
SPY232173,6.15685,43.080592,2023-06-23,4,0,30,22.820001220703148,6.125,43,1928,3.4339872044851463,6.15685.43.080592,2023-06-23,3
SPY232174,7.82726,43.381118,2023-05-13,2334,0,30,17.629998779296898,NA,NA,1887,3.4339872044851463,7.82726.43.381118,2023-05-13,4
SPY232175,8.4420665,43.417413,2023-06-13,2575,0,30,23.709985351562523,NA,NA,1918,3.4339872044851463,8.442066.43.417413,2023-06-13,1
SPY232176,9.204858,43.005416,2023-07-24,677,0,60,26.040002441406273,9.1875,43,1959,4.110873864173311,9.204858.43.005416,2023-07-24,1
SPY232177,9.204858,43.005416,2023-07-24,677,0,60,26.629998779296898,NA,NA,1959,4.110873864173311,9.204858.43.005416,2023-07-24,1
SPY232178,3.025533,42.8617175,2024-05-16,2,0,23.45,17.469995117187523,NA,NA,2256,3.196630215920881,3.025533.42.861717,2024-05-16,2
SPY232179,3.7688588,43.4298712,2023-11-16,1,0,30,16.399987792968773,NA,NA,2074,3.4339872044851463,3.768859.43.429871,2023-11-16,4
SPY232180,9.2436083,42.981533299999995,2023-07-24,461,0,60,26.159997558593773,NA,NA,1959,4.110873864173311,9.243608.42.981533,2023-07-24,3
SPY232181,7.8592075,42.64204,2023-06-24,2719,0,30,23.879998779296898,NA,NA,1929,3.4339872044851463,7.859208.42.64204,2023-06-24,1
SPY232182,6.1574875,43.0782535,2023-06-23,2,0,30,22.820001220703148,6.125,43,1928,3.4339872044851463,6.157488.43.078254,2023-06-23,3
SPY232183,7.844111,42.6421995,2023-06-24,2721,0,30,24.589990234375023,NA,NA,1929,3.4339872044851463,7.844111.42.642199,2023-06-24,1
SPY232184,3.7688588,43.4298712,2023-10-09,1,0,30,21.879998779296898,NA,NA,2036,3.4339872044851463,3.768859.43.429871,2023-10-09,4
SPY232187,3.0006555,42.967339499999994,2024-05-16,2,0,7.36,15.859979248046898,3.0625,42.9375,2256,2.1234584270966104,3.000656.42.967339,2024-05-16,2
SPY232188,3.7688588,43.4298712,2023-11-16,1,0,30,16.399987792968773,NA,NA,2074,3.4339872044851463,3.768859.43.429871,2023-11-16,4
SPY232189,7.0204065,42.973232499999995,2023-06-23,2497,0,30,22.589990234375023,7,43,1928,3.4339872044851463,7.020406.42.973232,2023-06-23,2
SPY232190,3.15608,42.476175,2023-06-05,16,0,30,20.869989013671898,NA,NA,1910,3.4339872044851463,3.15608.42.476175,2023-06-05,5
SPY232191,3.16215,42.462959999999995,2023-06-05,43,1,30,20.7600036621094,NA,NA,1910,3.4339872044851463,3.16215.42.46296,2023-06-05,5
SPY232192,3.126145,42.520825,2023-06-06,86,0,30,21.629998779296898,NA,NA,1911,3.4339872044851463,3.126145.42.520825,2023-06-06,5
SPY232193,3.1249,42.52074,2023-06-06,86,0,30,21.629998779296898,NA,NA,1911,3.4339872044851463,3.1249.42.52074,2023-06-06,5
SPY232194,9.403695,41.700185,2023-08-07,5,0,30,23.529992675781273,NA,NA,1973,3.4339872044851463,9.403695.41.700185,2023-08-07,1
SPY232195,3.71511,43.39642,2023-07-21,8,0,30,24.9899841308594,NA,NA,1956,3.4339872044851463,3.71511.43.39642,2023-07-21,4
SPY232196,4.053215,43.506325,2023-07-20,18,0,30,24.790002441406273,4.0625,43.5,1955,3.4339872044851463,4.053215.43.506325,2023-07-20,4
SPY232197,3.0646899999999997,42.536895,2023-08-23,12,0,30,27.299981689453148,NA,NA,1989,3.4339872044851463,3.06469.42.536895,2023-08-23,2
SPY232198,3.1350550000000004,42.495695,2023-06-05,13,0,30,20.469995117187523,NA,NA,1910,3.4339872044851463,3.135055.42.495695,2023-06-05,5
SPY232199,3.057095,42.922235,2023-06-06,6,0,30,21.629998779296898,NA,NA,1911,3.4339872044851463,3.057095.42.922235,2023-06-06,2
SPY232200,4.79222,43.39108,2023-06-22,5,0,30,22.790002441406273,NA,NA,1927,3.4339872044851463,4.79222.43.39108,2023-06-22,2
SPY232201,3.1621,42.462925,2023-06-05,43,1,30,20.459985351562523,NA,NA,1910,3.4339872044851463,3.1621.42.462925,2023-06-05,5
SPY232202,3.7688588,43.4298712,2023-07-20,1,0,30,24.4899841308594,3.8125,43.4375,1955,3.4339872044851463,3.768859.43.429871,2023-07-20,4
SPY232203,5.53734,43.21377,2023-06-28,19,0,30,23.0100036621094,5.5,43.1875,1933,3.4339872044851463,5.53734.43.21377,2023-06-28,4
SPY232204,3.176585,42.44109,2023-08-22,23,0,30,25.299981689453148,NA,NA,1988,3.4339872044851463,3.176585.42.44109,2023-08-22,5
SPY232205,5.034190000000001,43.4025735,2023-06-22,1,0,30,22.790002441406273,NA,NA,1927,3.4339872044851463,5.03419.43.402574,2023-06-22,4
SPY232206,3.0560150000000004,42.923105,2023-06-06,6,0,30,21.629998779296898,NA,NA,1911,3.4339872044851463,3.056015.42.923105,2023-06-06,2
SPY232207,11.1166165,42.2511335,2023-09-03,64,0,15,24.700006103515648,NA,NA,2000,2.772588722239781,11.116616.42.251134,2023-09-03,4
SPY232208,3.136385,42.49727,2023-06-05,16,0,30,20.469995117187523,3.1875,42.5,1910,3.4339872044851463,3.136385.42.49727,2023-06-05,5
SPY232209,5.933505,43.1186,2023-06-26,4,0,30,24.540002441406273,NA,NA,1931,3.4339872044851463,5.933505.43.1186,2023-06-26,2
SPY232210,5.5373149999999995,43.214115,2023-06-28,19,0,30,23.0100036621094,5.5,43.1875,1933,3.4339872044851463,5.537315.43.214115,2023-06-28,4
SPY232211,6.57813,43.27154,2023-06-27,3,0,30,24.279992675781273,6.6875,43.25,1932,3.4339872044851463,6.57813.43.27154,2023-06-27,3
SPY232213,6.78212,43.41255,2023-06-27,2,0,30,24.409997558593773,6.8125,43.375,1932,3.4339872044851463,6.78212.43.41255,2023-06-27,1
SPY232214,4.793025,43.39068,2023-06-22,5,0,30,22.950006103515648,4.8125,43.3125,1927,3.4339872044851463,4.793025.43.39068,2023-06-22,2
SPY232215,3.175305,42.433455,2023-06-05,19,0,30,20.459985351562523,NA,NA,1910,3.4339872044851463,3.175305.42.433455,2023-06-05,5
SPY232216,5.039065000000001,43.403189999999995,2023-06-22,2,0,30,22.939996337890648,5.0625,43.3125,1927,3.4339872044851463,5.039065.43.40319,2023-06-22,4
SPY232217,3.7688588,43.4298712,2023-07-20,1,0,30,24.4899841308594,3.8125,43.4375,1955,3.4339872044851463,3.768859.43.429871,2023-07-20,4
SPY232218,3.93617,43.48785,2023-07-20,19,0,30,24.629998779296898,3.9375,43.5,1955,3.4339872044851463,3.93617.43.48785,2023-07-20,4
SPY232219,6.5781849999999995,43.27199,2023-06-27,3,0,30,24.279992675781273,6.6875,43.25,1932,3.4339872044851463,6.578185.43.27199,2023-06-27,3
SPY232220,6.46319,43.150400000000005,2023-07-10,23,0,30,25.049981689453148,6.5,43.125,1945,3.4339872044851463,6.46319.43.1504,2023-07-10,3
SPY232221,4.128629999999999,43.518519999999995,2023-07-19,3,0,30,25.480004882812523,4.0625,43.5,1954,3.4339872044851463,4.12863.43.51852,2023-07-19,4
SPY232222,3.114035,43.109435,2023-07-25,1,0,30,25.689996337890648,NA,NA,1960,3.4339872044851463,3.114035.43.109435,2023-07-25,1
SPY232223,4.824949999999999,43.319244999999995,2023-07-17,17,0,30,24.909997558593773,4.8125,43.3125,1952,3.4339872044851463,4.82495.43.319245,2023-07-17,2
SPY232224,9.3837345,41.5094545,2023-08-30,27,0,30,23.850000000000023,9.375,41.5,1996,3.4339872044851463,9.383734.41.509454,2023-08-30,1
SPY232225,3.038535,42.618075000000005,2023-08-21,4,0,30,24.719995117187523,NA,NA,1987,3.4339872044851463,3.038535.42.618075,2023-08-21,2
SPY232226,3.14787,42.47978,2023-08-22,26,0,30,25.230004882812523,NA,NA,1988,3.4339872044851463,3.14787.42.47978,2023-08-22,5
SPY232227,3.49559,43.246120000000005,2023-07-23,19,0,30,22.549981689453148,3.5,43.25,1958,3.4339872044851463,3.49559.43.24612,2023-07-23,5
SPY232228,6.463915,43.150375,2023-07-10,23,0,30,25.049981689453148,6.5,43.125,1945,3.4339872044851463,6.463915.43.150375,2023-07-10,3
SPY232229,4.559105,43.353155,2023-07-17,17,0,30,24.809991455078148,4.5625,43.3125,1952,3.4339872044851463,4.559105.43.353155,2023-07-17,3
SPY232230,5.78964,43.109265,2023-07-14,17,0,30,25.059991455078148,5.75,43.125,1949,3.4339872044851463,5.78964.43.109265,2023-07-14,2
SPY232231,4.82381,43.319615,2023-07-17,17,0,30,24.779992675781273,NA,NA,1952,3.4339872044851463,4.82381.43.319615,2023-07-17,2
SPY232232,4.3074200000000005,43.420645,2023-07-18,19,0,30,25.469995117187523,NA,NA,1953,3.4339872044851463,4.30742.43.420645,2023-07-18,4
SPY232233,4.952475,43.390835,2023-07-16,17,0,30,24.299981689453148,4.9375,43.3125,1951,3.4339872044851463,4.952475.43.390835,2023-07-16,2
SPY232234,5.027405,43.33309,2023-07-16,9,0,30,24.269982910156273,5,43.3125,1951,3.4339872044851463,5.027405.43.33309,2023-07-16,5
SPY232235,4.688275,43.307635000000005,2023-07-17,18,0,30,24.929986572265648,4.6875,43.3125,1952,3.4339872044851463,4.688275.43.307635,2023-07-17,3
SPY232236,3.356415,43.23778,2023-07-23,17,0,30,23.7399841308594,NA,NA,1958,3.4339872044851463,3.356415.43.23778,2023-07-23,1
SPY232237,4.112674999999999,43.49576,2023-07-19,4,0,30,25.480004882812523,4.0625,43.5,1954,3.4339872044851463,4.112675.43.49576,2023-07-19,4
SPY232238,3.137085,42.49652,2023-08-22,16,0,32,25.230004882812523,NA,NA,1988,3.49650756146648,3.137085.42.49652,2023-08-22,5
SPY232239,4.686335,43.307559999999995,2023-07-17,18,0,30,24.909997558593773,NA,NA,1952,3.4339872044851463,4.686335.43.30756,2023-07-17,3
SPY232240,5.36015,43.25958,2023-07-15,15,0,29,24.809991455078148,5.3125,43.25,1950,3.4011973816621555,5.36015.43.25958,2023-07-15,4
SPY232241,3.089886,42.762486,2023-09-20,30,0,15,23.869989013671898,NA,NA,2017,2.772588722239781,3.089886.42.762486,2023-09-20,2
SPY232242,6.37978,43.114425,2023-07-10,29,0,30,25.149987792968773,NA,NA,1945,3.4339872044851463,6.37978.43.114425,2023-07-10,3
SPY232243,3.3564600000000002,43.23772,2023-07-23,17,0,30,23.189996337890648,NA,NA,1958,3.4339872044851463,3.35646.43.23772,2023-07-23,1
SPY232244,5.890715,43.065955,2023-07-12,32,0,30,25.079980468750023,5.875,43,1947,3.4339872044851463,5.890715.43.065955,2023-07-12,2
SPY232245,6.104715000000001,43.07127,2023-07-11,17,0,30,25.7399841308594,6.125,43,1946,3.4339872044851463,6.104715.43.07127,2023-07-11,2
SPY232246,6.160405000000001,43.017855,2023-07-11,27,0,30,25.7399841308594,6.125,43,1946,3.4339872044851463,6.160405.43.017855,2023-07-11,3
SPY232247,5.9870350000000006,43.102155,2023-07-12,26,0,30,25.070001220703148,6,43,1947,3.4339872044851463,5.987035.43.102155,2023-07-12,2
SPY232248,6.160175,43.017775,2023-07-11,27,0,30,25.7399841308594,6.125,43,1946,3.4339872044851463,6.160175.43.017775,2023-07-11,3
SPY232249,5.986535,43.102145,2023-07-12,26,0,30,25.070001220703148,6,43,1947,3.4339872044851463,5.986535.43.102145,2023-07-12,2
SPY232250,3.83989,43.423985,2023-07-20,22,0,30,24.790002441406273,NA,NA,1955,3.4339872044851463,3.83989.43.423985,2023-07-20,4
SPY232252,3.9880135,43.545365,2023-07-07,3,0,30,22.450006103515648,4,43.5,1942,3.4339872044851463,3.988014.43.545365,2023-07-07,4
SPY232253,3.937855,43.488339999999994,2023-07-20,18,0,30,24.629998779296898,3.9375,43.5,1955,3.4339872044851463,3.937855.43.48834,2023-07-20,4
SPY232254,3.707435,43.378935,2023-07-22,19,0,30,24.179986572265648,NA,NA,1957,3.4339872044851463,3.707435.43.378935,2023-07-22,5
SPY232255,9.229045,41.43524,2023-08-09,9,0,30,24.339990234375023,9.25,41.375,1975,3.4339872044851463,9.229045.41.43524,2023-08-09,5
SPY232256,3.4948550000000003,43.245845,2023-07-23,19,0,30,23.189996337890648,NA,NA,1958,3.4339872044851463,3.494855.43.245845,2023-07-23,5
SPY232257,5.665515,43.177625,2023-07-14,17,0,30,24.9999938964844,5.6875,43.125,1949,3.4339872044851463,5.665515.43.177625,2023-07-14,4
SPY232261,3.699515,43.40333,2023-07-21,7,0,30,25.089990234375023,NA,NA,1956,3.4339872044851463,3.699515.43.40333,2023-07-21,4
SPY232262,3.714705,43.39634,2023-07-21,8,0,30,24.9899841308594,NA,NA,1956,3.4339872044851463,3.714705.43.39634,2023-07-21,4
SPY232263,3.836635,43.421615,2023-07-20,16,0,29,24.4899841308594,3.8125,43.4375,1955,3.4011973816621555,3.836635.43.421615,2023-07-20,4
SPY232264,3.9880135,43.545365,2023-07-07,3,0,30,22.450006103515648,4,43.5,1942,3.4339872044851463,3.988014.43.545365,2023-07-07,4
SPY232266,6.7814250000000005,43.41193,2023-06-27,12,0,30,24.409997558593773,6.8125,43.375,1932,3.4339872044851463,6.781425.43.41193,2023-06-27,1
SPY232269,9.3837345,41.5094545,2023-08-30,27,0,30,23.850000000000023,9.375,41.5,1996,3.4339872044851463,9.383734.41.509454,2023-08-30,1
SPY232270,3.97205455,43.5458942,2023-07-07,3,0,30,22.450006103515648,4,43.5,1942,3.4339872044851463,3.972055.43.545894,2023-07-07,4
SPY232271,4.05325,43.506295,2023-07-20,18,0,30,24.629998779296898,NA,NA,1955,3.4339872044851463,4.05325.43.506295,2023-07-20,4
SPY232272,3.038025,42.62468,2023-08-21,3,0,30,24.719995117187523,NA,NA,1987,3.4339872044851463,3.038025.42.62468,2023-08-21,2
SPY232274,6.247625,43.11595,2023-06-27,3,0,30,23.790002441406273,6.125,43,1932,3.4339872044851463,6.247625.43.11595,2023-06-27,3
SPY232275,3.146895,42.479960000000005,2023-08-22,26,0,30,25.230004882812523,NA,NA,1988,3.4339872044851463,3.146895.42.47996,2023-08-22,5
SPY232277,11.1166165,42.2511335,2023-09-03,64,0,15,24.700006103515648,NA,NA,2000,2.772588722239781,11.116616.42.251134,2023-09-03,4
SPY232278,4.0096419999999995,43.549040000000005,2023-07-07,4,0,30,22.450006103515648,4,43.5,1942,3.4339872044851463,4.009642.43.54904,2023-07-07,4
SPY232279,9.3702735,41.6392215,2023-08-30,16,0,30,23.899987792968773,9.4375,41.625,1996,3.4339872044851463,9.370274.41.639222,2023-08-30,1
SPY232280,3.709555,43.3795,2023-07-22,18,0,30,24.179986572265648,NA,NA,1957,3.4339872044851463,3.709555.43.3795,2023-07-22,5
SPY232282,3.7688588,43.4298712,2023-08-18,1,0,30,26.559991455078148,NA,NA,1984,3.4339872044851463,3.768859.43.429871,2023-08-18,4
SPY232283,5.9339949999999995,43.11855,2023-06-26,4,0,30,24.540002441406273,NA,NA,1931,3.4339872044851463,5.933995.43.11855,2023-06-26,2
SPY232284,6.24761,43.11602,2023-06-27,3,0,30,23.790002441406273,6.125,43,1932,3.4339872044851463,6.24761.43.11602,2023-06-27,3
SPY232285,3.69952,43.403405000000006,2023-07-21,7,0,30,25.119989013671898,NA,NA,1956,3.4339872044851463,3.69952.43.403405,2023-07-21,4
SPY232286,4.0096419999999995,43.549040000000005,2023-07-07,4,0,30,22.450006103515648,4,43.5,1942,3.4339872044851463,4.009642.43.54904,2023-07-07,4
SPY232287,3.5930999999999997,43.316280000000006,2023-07-22,20,0,28,24.179986572265648,NA,NA,1957,3.367295829986474,3.5931.43.31628,2023-07-22,5
SPY232288,3.5943050000000003,43.317440000000005,2023-07-22,18,0,30,24.179986572265648,NA,NA,1957,3.4339872044851463,3.594305.43.31744,2023-07-22,5
SPY232289,3.7688588,43.4298712,2023-08-18,1,0,30,26.589990234375023,NA,NA,1984,3.4339872044851463,3.768859.43.429871,2023-08-18,4
SPY232675,5.3878094,43.17014415,2023-05-23,63,0,15,17.409997558593773,5.375,43.1875,1897,2.772588722239781,5.387809.43.170144,2023-05-23,4
SPY232683,5.37403175,43.1762131,2023-05-24,30,1,15,17.959985351562523,5.375,43.1875,1898,2.772588722239781,5.374032.43.176213,2023-05-24,4
SPY232684,5.37403175,43.1762131,2023-05-24,30,1,15,17.959985351562523,5.375,43.1875,1898,2.772588722239781,5.374032.43.176213,2023-05-24,4
SPY232685,5.3878094,43.17014415,2023-05-23,63,0,15,17.409997558593773,5.375,43.1875,1897,2.772588722239781,5.387809.43.170144,2023-05-23,4
SPY232830,9.406066667,41.84588333,2023-06-16,12,0,30,22.469995117187523,9.4375,41.875,1921,3.4339872044851463,9.406067.41.845883,2023-06-16,4
SPY232831,9.415233333,41.84528333,2023-06-16,31,0,30,22.469995117187523,9.4375,41.875,1921,3.4339872044851463,9.415233.41.845283,2023-06-16,4
SPY232832,9.531833333,42.5895,2023-06-17,17,0,30,23.170007324218773,NA,NA,1922,3.4339872044851463,9.531833.42.5895,2023-06-17,5
SPY232833,9.471583333,41.98658333,2023-06-17,15,0,30,23.170007324218773,NA,NA,1922,3.4339872044851463,9.471583.41.986583,2023-06-17,4
SPY232834,9.49365,41.97625,2023-06-17,30,0,30,23.2499938964844,9.5,42,1922,3.4339872044851463,9.49365.41.97625,2023-06-17,4
SPY232835,9.6002,42.57005,2023-06-17,37,0,30,23.170007324218773,NA,NA,1922,3.4339872044851463,9.6002.42.57005,2023-06-17,5
SPY233346,9.406531,43.023799999999994,2023-08-23,8,1,30,27.0100036621094,9.4375,43,1989,3.4339872044851463,9.406531.43.0238,2023-08-23,5
SPY233347,9.3361915,42.767133,2023-08-24,20,1,30,26.790002441406273,NA,NA,1990,3.4339872044851463,9.336192.42.767133,2023-08-24,3
SPY233348,9.415936,43.0105485,2023-08-23,11,0,30,25.570001220703148,NA,NA,1989,3.4339872044851463,9.415936.43.010548,2023-08-23,5
SPY233349,3.121366,42.5223985,2023-09-21,31,0,30,23.609979248046898,NA,NA,2018,3.4339872044851463,3.121366.42.522398,2023-09-21,5
SPY233353,9.3361915,42.767133,2023-08-24,20,1,30,26.790002441406273,NA,NA,1990,3.4339872044851463,9.336192.42.767133,2023-08-24,3
SPY233354,3.063734,42.5796175,2023-09-20,20,0,30,23.279992675781273,NA,NA,2017,3.4339872044851463,3.063734.42.579617,2023-09-20,2
SPY233355,9.415936,43.0105485,2023-08-23,11,0,30,25.570001220703148,NA,NA,1989,3.4339872044851463,9.415936.43.010548,2023-08-23,5
SPY233356,9.31495,42.831858335,2023-08-24,37,0,30,25.7399841308594,NA,NA,1990,3.4339872044851463,9.31495.42.831858,2023-08-24,3
SPY233357,9.31495,42.831858335,2023-08-24,37,0,30,26.9999938964844,NA,NA,1990,3.4339872044851463,9.31495.42.831858,2023-08-24,3
SPY233361,9.2901625,42.989352999999994,2023-08-23,35,0,30,25.570001220703148,NA,NA,1989,3.4339872044851463,9.290162.42.989353,2023-08-23,3
SPY233363,9.2901625,42.989352999999994,2023-08-23,35,0,30,27.0100036621094,NA,NA,1989,3.4339872044851463,9.290162.42.989353,2023-08-23,3
SPY233364,10.291897,42.335754,2023-09-01,48,0,40,23.9999938964844,NA,NA,1998,3.713572066704308,10.291897.42.335754,2023-09-01,5
SPY233369,9.056359,42.6877715,2023-08-25,14,0,30,25.129998779296898,NA,NA,1991,3.4339872044851463,9.056359.42.687771,2023-08-25,1
SPY233370,9.33483,42.9078935,2023-08-24,22,0,30,26.839990234375023,NA,NA,1990,3.4339872044851463,9.33483.42.907894,2023-08-24,3
SPY233371,9.230894,42.7307175,2023-08-25,22,0,30,25.129998779296898,NA,NA,1991,3.4339872044851463,9.230894.42.730717,2023-08-25,3
SPY233372,9.33483,42.9078935,2023-08-24,22,0,30,26.839990234375023,NA,NA,1990,3.4339872044851463,9.33483.42.907894,2023-08-24,3
SPY233374,3.0554854999999996,42.6803025,2023-09-20,21,0,30,23.320001220703148,NA,NA,2017,3.4339872044851463,3.055485.42.680303,2023-09-20,2
SPY233707,9.450515,41.982635,2023-08-11,10,0,30,25.450006103515648,9.5,42,1977,3.4339872044851463,9.450515.41.982635,2023-08-11,4
SPY233708,9.49909,42.03743,2023-08-12,9,0,30,25.149987792968773,9.5,42,1978,3.4339872044851463,9.49909.42.03743,2023-08-12,4
SPY233709,9.555155,42.438105,2023-08-14,11,0,30,26.040002441406273,NA,NA,1980,3.4339872044851463,9.555155.42.438105,2023-08-14,5
SPY233710,9.404395,41.701195,2023-08-07,10,0,30,23.659997558593773,NA,NA,1973,3.4339872044851463,9.404395.41.701195,2023-08-07,1
SPY233711,9.554255,42.438765,2023-08-14,11,0,31.5,26.089990234375023,NA,NA,1980,3.481240089335692,9.554255.42.438765,2023-08-14,5
SPY233712,9.05509,42.664055000000005,2023-08-22,12,0,30,25.230004882812523,NA,NA,1988,3.4339872044851463,9.05509.42.664055,2023-08-22,1
SPY233713,9.26372,42.70801,2023-08-27,28,0,30,27.350000000000023,9.25,42.75,1993,3.4339872044851463,9.26372.42.70801,2023-08-27,3
SPY233714,9.558095,42.100565,2023-08-12,5,0,30,25.109979248046898,NA,NA,1978,3.4339872044851463,9.558095.42.100565,2023-08-12,3
SPY233715,9.411645,41.900545,2023-08-11,7,0,30,24.959985351562523,NA,NA,1977,3.4339872044851463,9.411645.41.900545,2023-08-11,4
SPY233716,9.41206,41.90049,2023-08-11,7,0,30,24.959985351562523,NA,NA,1977,3.4339872044851463,9.41206.41.90049,2023-08-11,4
SPY233717,9.55794,42.10032,2023-08-12,5,0,30,25.109979248046898,NA,NA,1978,3.4339872044851463,9.55794.42.10032,2023-08-12,3
SPY233718,9.543045,42.521965,2023-08-14,6,0,30,26.089990234375023,NA,NA,1980,3.4339872044851463,9.543045.42.521965,2023-08-14,5
SPY233719,9.46509,42.64694,2023-08-15,11,0,30,26.579980468750023,NA,NA,1981,3.4339872044851463,9.46509.42.64694,2023-08-15,3
SPY233720,9.284135,41.524275,2023-08-10,9,0,30,25.100000000000023,9.3125,41.5,1976,3.4339872044851463,9.284135.41.524275,2023-08-10,1
SPY233721,9.228835,41.43542,2023-08-09,9,0,30,24.339990234375023,9.25,41.375,1975,3.4339872044851463,9.228835.41.43542,2023-08-09,5
SPY233723,9.283535,41.52558,2023-08-10,7,0,30,25.100000000000023,9.3125,41.5,1976,3.4339872044851463,9.283535.41.52558,2023-08-10,5
SPY233724,9.360065,41.629855,2023-08-08,7,0,30,25.369989013671898,9.4375,41.625,1974,3.4339872044851463,9.360065.41.629855,2023-08-08,1
SPY233725,9.05518,42.66474,2023-08-22,12,0,30,26.290002441406273,9.0625,42.6875,1988,3.4339872044851463,9.05518.42.66474,2023-08-22,1
SPY233726,9.567885,42.205015,2023-08-13,13,0,30,25.070001220703148,9.5625,42.1875,1979,3.4339872044851463,9.567885.42.205015,2023-08-13,5
SPY233762,9.3115395,42.833647,2024-05-13,24,0,30.47,18.2600036621094,9.3125,42.8125,2253,3.4490347110763153,9.31154.42.833647,2024-05-13,3
SPY233764,4.080725,43.556515,2024-07-11,2,0,32.1,22.600000000000023,NA,NA,2312,3.4995332823830174,4.080725.43.556515,2024-07-11,4
SPY233779,3.1563425,42.498486670000005,2024-06-10,38,0,60,19.029992675781273,NA,NA,2281,4.110873864173311,3.156342.42.498487,2024-06-10,5
SPY233783,3.0320549999999997,42.705625,2024-07-04,3,0,30.32,20.629998779296898,3.0625,42.6875,2305,3.4442568711226023,3.032055.42.705625,2024-07-04,2
SPY233786,9.3370125,42.768843,2024-05-13,20,1,31.14,18.2600036621094,9.3125,42.75,2253,3.4701013603093664,9.337012.42.768843,2024-05-13,3
SPY233787,9.3115395,42.833647,2024-05-13,24,0,30,18.2600036621094,9.3125,42.8125,2253,3.4339872044851463,9.31154.42.833647,2024-05-13,3
SPY233788,4.1265,43.51888,2024-07-11,3,0,32.13,22.600000000000023,NA,NA,2312,3.5004392163118045,4.1265.43.51888,2024-07-11,4
SPY233789,9.3370125,42.768843,2024-05-13,20,1,30.46,18.2600036621094,9.3125,42.75,2253,3.4487168976301317,9.337012.42.768843,2024-05-13,3
SPY233807,8.7262035,42.575049750000005,2024-01-25,22,0,30,14.709985351562525,8.6875,42.5625,2144,3.4339872044851463,8.726204.42.57505,2024-01-25,1
SPY233808,8.7346015,42.57174955,2024-01-24,32,0,15,14.619989013671898,8.6875,42.5625,2143,2.772588722239781,8.734602.42.57175,2024-01-24,1
SPY233809,8.7346015,42.57174955,2024-01-24,32,0,15,14.619989013671898,8.6875,42.5625,2143,2.772588722239781,8.734602.42.57175,2024-01-24,1
SPY233810,8.72895785,42.58092435,2024-01-25,29,0,15,14.709985351562525,8.6875,42.5625,2144,2.772588722239781,8.728958.42.580924,2024-01-25,1
SPY233811,8.7262035,42.575049750000005,2024-01-25,22,0,30,14.709985351562525,8.6875,42.5625,2144,3.4339872044851463,8.726204.42.57505,2024-01-25,1
SPY233812,8.7300346,42.56373765,2024-01-24,17,0,30,14.619989013671898,8.6875,42.5625,2143,3.4339872044851463,8.730035.42.563738,2024-01-24,1
SPY233813,8.73509,42.57079,2023-08-26,29,0,15,27.659997558593773,NA,NA,1992,2.772588722239781,8.73509.42.57079,2023-08-26,1
SPY233814,8.72766,42.57544,2023-08-26,22,0,30,27.329980468750023,NA,NA,1992,3.4339872044851463,8.72766.42.57544,2023-08-26,1
SPY233815,8.726205,42.57505,2023-12-07,22,0,30,16.309991455078148,8.6875,42.5625,2095,3.4339872044851463,8.726205.42.57505,2023-12-07,1
SPY233816,8.72896,42.580925,2023-12-07,29,0,15,16.309991455078148,8.6875,42.5625,2095,2.772588722239781,8.72896.42.580925,2023-12-07,1
SPY233817,8.72896,42.580925,2023-12-07,29,0,15,16.309991455078148,8.6875,42.5625,2095,2.772588722239781,8.72896.42.580925,2023-12-07,1
SPY233818,8.734605,42.57175,2023-12-07,32,0,15,16.309991455078148,8.6875,42.5625,2095,2.772588722239781,8.734605.42.57175,2023-12-07,1
SPY233819,8.734605,42.57175,2023-12-07,32,0,15,16.309991455078148,8.6875,42.5625,2095,2.772588722239781,8.734605.42.57175,2023-12-07,1
SPY233820,8.73509,42.57079,2023-08-26,29,0,15,27.230004882812523,8.6875,42.5625,1992,2.772588722239781,8.73509.42.57079,2023-08-26,1
SPY233821,8.7318,42.56473,2023-08-26,17,0,30,27.230004882812523,8.6875,42.5625,1992,3.4339872044851463,8.7318.42.56473,2023-08-26,1
SPY233822,8.72766,42.57544,2023-08-26,22,0,30,27.230004882812523,8.6875,42.5625,1992,3.4339872044851463,8.72766.42.57544,2023-08-26,1
SPY233823,8.7300346,42.56373765,2024-01-24,17,0,30,14.619989013671898,8.6875,42.5625,2143,3.4339872044851463,8.730035.42.563738,2024-01-24,1
SPY233824,8.726205,42.57505,2023-12-07,22,0,30,16.309991455078148,8.6875,42.5625,2095,3.4339872044851463,8.726205.42.57505,2023-12-07,1
SPY233825,8.730035,42.56374,2023-12-07,17,0,30,16.309991455078148,8.6875,42.5625,2095,3.4339872044851463,8.730035.42.56374,2023-12-07,1
SPY233826,8.730035,42.56374,2023-12-07,17,0,30,16.309991455078148,8.6875,42.5625,2095,3.4339872044851463,8.730035.42.56374,2023-12-07,1
SPY233827,8.72895785,42.58092435,2024-01-25,29,0,15,14.709985351562525,8.6875,42.5625,2144,2.772588722239781,8.728958.42.580924,2024-01-25,1
SPY233828,8.7318,42.56473,2023-08-26,17,0,30,27.230004882812523,8.6875,42.5625,1992,3.4339872044851463,8.7318.42.56473,2023-08-26,1
SPY233829,8.72848,42.58018,2023-08-26,29,0,15,27.230004882812523,8.6875,42.5625,1992,2.772588722239781,8.72848.42.58018,2023-08-26,1
SPY233830,8.72848,42.58018,2023-08-26,29,0,15,27.230004882812523,8.6875,42.5625,1992,2.772588722239781,8.72848.42.58018,2023-08-26,1
SPY233946,5.765147,43.0805115,2023-09-26,8,0,30,22.619989013671898,NA,NA,2023,3.4339872044851463,5.765147.43.080512,2023-09-26,2
SPY233947,5.7826155,43.079258,2023-09-26,2,0,30,22.540002441406273,NA,NA,2023,3.4339872044851463,5.782616.43.079258,2023-09-26,2
SPY233948,9.2303725,41.425554,2023-08-29,9,0,30,24.7600036621094,9.25,41.375,1995,3.4339872044851463,9.230372.41.425554,2023-08-29,1
SPY233949,9.2117625,41.4138385,2023-08-29,40,0,29,24.390008544921898,9.1875,41.375,1995,3.4011973816621555,9.211763.41.413838,2023-08-29,1
SPY233950,5.792045,43.07554,2023-09-26,5,0,30,20.219995117187523,5.75,43.0625,2023,3.4339872044851463,5.792045.43.07554,2023-09-26,2
SPY233951,8.757588,42.563468,2023-08-25,11,0,30,25.129998779296898,NA,NA,1991,3.4339872044851463,8.757588.42.563468,2023-08-25,1
SPY233952,8.808341,42.6029205,2023-08-25,14,0,30,25.129998779296898,NA,NA,1991,3.4339872044851463,8.808341.42.602921,2023-08-25,1
SPY233953,8.808341,42.6029205,2023-08-25,14,0,30,26.730004882812523,NA,NA,1991,3.4339872044851463,8.808341.42.602921,2023-08-25,1
SPY233954,5.79198,43.075525,2023-09-26,5,0,30,20.219995117187523,5.75,43.0625,2023,3.4339872044851463,5.79198.43.075525,2023-09-26,2
SPY233955,3.50692,43.2723,2023-09-27,1,0,30,22.279992675781273,3.5,43.25,2024,3.4339872044851463,3.50692.43.2723,2023-09-27,5
SPY233956,8.800953,42.586629,2023-08-26,11,0,30,27.140008544921898,8.8125,42.625,1992,3.4339872044851463,8.800953.42.586629,2023-08-26,1
SPY233957,8.800953,42.586629,2023-08-26,11,0,30,27.140008544921898,8.8125,42.625,1992,3.4339872044851463,8.800953.42.586629,2023-08-26,1
SPY233958,8.757588,42.563468,2023-08-25,11,0,30,26.869989013671898,NA,NA,1991,3.4339872044851463,8.757588.42.563468,2023-08-25,1
SPY233959,9.2117625,41.4138385,2023-08-29,40,0,29,24.390008544921898,9.1875,41.375,1995,3.4011973816621555,9.211763.41.413838,2023-08-29,1
SPY233961,10.32727771,42.3232845,2023-09-02,53,0,30,24.309991455078148,NA,NA,1999,3.4339872044851463,10.327278.42.323284,2023-09-02,5
SPY233970,9.230894,42.7307175,2023-08-25,22,0,30,26.869989013671898,9.25,42.75,1991,3.4339872044851463,9.230894.42.730717,2023-08-25,3
SPY233971,3.07067,42.536475,2023-08-23,9,0,30,27.0100036621094,NA,NA,1989,3.4339872044851463,3.07067.42.536475,2023-08-23,5
SPY233972,3.05046,42.541145,2023-08-24,4,0,30,26.839990234375023,NA,NA,1990,3.4339872044851463,3.05046.42.541145,2023-08-24,2
SPY233973,3.0570649999999997,42.541215,2023-08-24,5,0,30,26.839990234375023,NA,NA,1990,3.4339872044851463,3.057065.42.541215,2023-08-24,2
SPY233974,5.7826155,43.079258,2023-09-26,2,0,30,20.219995117187523,NA,NA,2023,3.4339872044851463,5.782616.43.079258,2023-09-26,2
SPY233975,10.289256,42.3294965,2023-09-01,43,0,30,23.9999938964844,NA,NA,1998,3.4339872044851463,10.289256.42.329496,2023-09-01,5
SPY233976,10.3073315,42.315811,2023-09-01,32,0,30,24.769982910156273,10.3125,42.3125,1998,3.4339872044851463,10.307332.42.315811,2023-09-01,5
SPY233977,10.294133,42.346417,2023-09-01,28,0,30,24.790002441406273,10.3125,42.375,1998,3.4339872044851463,10.294133.42.346417,2023-09-01,5
SPY233978,10.294133,42.346417,2023-09-01,28,0,30,24.769982910156273,NA,NA,1998,3.4339872044851463,10.294133.42.346417,2023-09-01,5
SPY233979,3.13632,42.497415,2023-08-22,16,0,32,25.159997558593773,3.1875,42.5,1988,3.49650756146648,3.13632.42.497415,2023-08-22,5
SPY233980,3.05046,42.541145,2023-08-24,4,0,30,26.809991455078148,NA,NA,1990,3.4339872044851463,3.05046.42.541145,2023-08-24,2
SPY233981,3.0570649999999997,42.541215,2023-08-24,5,0,30,26.809991455078148,NA,NA,1990,3.4339872044851463,3.057065.42.541215,2023-08-24,2
SPY233982,10.3073315,42.315811,2023-09-01,32,0,30,24.769982910156273,NA,NA,1998,3.4339872044851463,10.307332.42.315811,2023-09-01,5
SPY233983,10.289256,42.3294965,2023-09-01,43,0,30,24.769982910156273,NA,NA,1998,3.4339872044851463,10.289256.42.329496,2023-09-01,5
SPY233984,5.765147,43.0805115,2023-09-26,8,0,30,20.219995117187523,5.75,43.0625,2023,3.4339872044851463,5.765147.43.080512,2023-09-26,2
SPY233985,10.32727771,42.3232845,2023-09-02,53,0,30,24.2600036621094,NA,NA,1999,3.4339872044851463,10.327278.42.323284,2023-09-02,5
SPY233986,3.50692,43.2723,2023-09-27,1,0,30,22.279992675781273,3.5,43.25,2024,3.4339872044851463,3.50692.43.2723,2023-09-27,5
SPY233987,9.056359,42.6877715,2023-08-25,14,0,30,26.799981689453148,NA,NA,1991,3.4339872044851463,9.056359.42.687771,2023-08-25,1
SPY233988,3.7688588,43.4298712,2023-08-25,1,0,30,26.799981689453148,NA,NA,1991,3.4339872044851463,3.768859.43.429871,2023-08-25,4
SPY233989,3.056878,42.9265715,2023-09-20,8,0,30,23.299981689453148,NA,NA,2017,3.4339872044851463,3.056878.42.926572,2023-09-20,2
SPY233990,3.056878,42.9265715,2023-09-20,8,0,30,23.299981689453148,NA,NA,2017,3.4339872044851463,3.056878.42.926572,2023-09-20,2
SPY233991,11.1138605,42.258392,2023-09-03,13,0,30,24.700006103515648,NA,NA,2000,3.4339872044851463,11.11386.42.258392,2023-09-03,4
SPY233992,11.1122,42.261975,2023-09-03,11,0,15,23.769982910156273,NA,NA,2000,2.772588722239781,11.1122.42.261975,2023-09-03,4
SPY233993,10.3278175,42.337173,2023-09-02,63,0,30,24.2600036621094,NA,NA,1999,3.4339872044851463,10.327818.42.337173,2023-09-02,5
SPY233994,8.720581,42.582326,2023-08-26,38,1,30,27.230004882812523,8.6875,42.5625,1992,3.4339872044851463,8.720581.42.582326,2023-08-26,1
SPY233995,9.3702735,41.6392215,2023-08-30,16,0,30,23.899987792968773,9.4375,41.625,1996,3.4339872044851463,9.370274.41.639222,2023-08-30,1
SPY233996,3.7688588,43.4298712,2023-08-25,1,0,30,27.689996337890648,3.8125,43.4375,1991,3.4339872044851463,3.768859.43.429871,2023-08-25,4
SPY233997,3.089886,42.762486,2023-09-20,30,0,15,23.070001220703148,NA,NA,2017,2.772588722239781,3.089886.42.762486,2023-09-20,2
SPY233998,3.49479,43.266625,2023-09-27,5,0,30,22.279992675781273,3.5,43.25,2024,3.4339872044851463,3.49479.43.266625,2023-09-27,5
SPY233999,11.1138605,42.258392,2023-09-03,13,0,30,23.769982910156273,NA,NA,2000,3.4339872044851463,11.11386.42.258392,2023-09-03,4
SPY234000,11.1122,42.261975,2023-09-03,11,0,15,23.769982910156273,NA,NA,2000,2.772588722239781,11.1122.42.261975,2023-09-03,4
SPY234001,9.2303725,41.425554,2023-08-29,9,0,30,24.7600036621094,9.25,41.375,1995,3.4339872044851463,9.230372.41.425554,2023-08-29,1
SPY234002,8.720581,42.582326,2023-08-26,38,1,30,27.230004882812523,8.6875,42.5625,1992,3.4339872044851463,8.720581.42.582326,2023-08-26,1
SPY234003,10.291897,42.335754,2023-09-01,48,0,40,24.790002441406273,NA,NA,1998,3.713572066704308,10.291897.42.335754,2023-09-01,5
SPY234004,3.063734,42.5796175,2023-09-20,20,0,30,23.279992675781273,NA,NA,2017,3.4339872044851463,3.063734.42.579617,2023-09-20,2
SPY234005,3.121366,42.5223985,2023-09-21,31,0,30,23.309991455078148,NA,NA,2018,3.4339872044851463,3.121366.42.522398,2023-09-21,5
SPY234006,11.115076,42.252949,2023-09-03,64,0,30,23.769982910156273,NA,NA,2000,3.4339872044851463,11.115076.42.252949,2023-09-03,4
SPY234007,11.1122,42.261975,2023-09-03,11,0,15,23.769982910156273,NA,NA,2000,2.772588722239781,11.1122.42.261975,2023-09-03,4
SPY234008,9.406531,43.023799999999994,2023-08-23,8,1,30,27.0100036621094,NA,NA,1989,3.4339872044851463,9.406531.43.0238,2023-08-23,5
SPY234009,10.3278175,42.337173,2023-09-02,63,0,30,24.2600036621094,NA,NA,1999,3.4339872044851463,10.327818.42.337173,2023-09-02,5
SPY234010,11.1166165,42.2511335,2023-09-03,64,0,15,23.769982910156273,NA,NA,2000,2.772588722239781,11.116616.42.251134,2023-09-03,4
SPY234011,11.1122,42.261975,2023-09-03,11,0,15,23.769982910156273,NA,NA,2000,2.772588722239781,11.1122.42.261975,2023-09-03,4
SPY234012,3.0592365,42.788442,2023-09-20,21,0,30,23.390008544921898,NA,NA,2017,3.4339872044851463,3.059236.42.788442,2023-09-20,2
SPY234013,3.089886,42.762486,2023-09-20,30,0,15,23.390008544921898,NA,NA,2017,2.772588722239781,3.089886.42.762486,2023-09-20,2
SPY234014,11.115076,42.252949,2023-09-03,64,0,30,23.769982910156273,NA,NA,2000,3.4339872044851463,11.115076.42.252949,2023-09-03,4
SPY234526,3.1261520000000003,42.52083,2025-04-04,86,0,30,13.209985351562525,NA,NA,2579,3.4339872044851463,3.126152.42.52083,2025-04-04,5
SPY234949,3.7688588,43.4298712,2023-09-28,1,0,30,22.219995117187523,NA,NA,2025,3.4339872044851463,3.768859.43.429871,2023-09-28,4
SPY234950,3.7688588,43.4298712,2023-09-28,1,0,30,22.219995117187523,NA,NA,2025,3.4339872044851463,3.768859.43.429871,2023-09-28,4
SPY234951,3.0529504999999997,42.8789285,2023-10-02,5,0,30,22.659997558593773,NA,NA,2029,3.4339872044851463,3.05295.42.878928,2023-10-02,2
SPY234952,3.0529535,42.873783,2023-10-02,5,0,30,22.659997558593773,NA,NA,2029,3.4339872044851463,3.052954.42.873783,2023-10-02,2
SPY234953,3.0425955,42.869834,2023-10-02,3,0,30,22.719995117187523,3.0625,42.875,2029,3.4339872044851463,3.042596.42.869834,2023-10-02,2
SPY234954,3.49479,43.266625,2023-09-27,5,0,30,22.0100036621094,NA,NA,2024,3.4339872044851463,3.49479.43.266625,2023-09-27,5
SPY234955,3.496905,43.272605,2023-09-27,2,0,30,22.279992675781273,NA,NA,2024,3.4339872044851463,3.496905.43.272605,2023-09-27,5
SPY234956,3.48709,43.27325999999999,2023-09-27,4,0,30,22.279992675781273,NA,NA,2024,3.4339872044851463,3.48709.43.27326,2023-09-27,5
SPY234957,3.0529535,42.873783,2023-10-02,5,0,30,22.719995117187523,3.0625,42.875,2029,3.4339872044851463,3.052954.42.873783,2023-10-02,2
SPY234958,3.0425955,42.869834,2023-10-02,3,0,30,22.719995117187523,NA,NA,2029,3.4339872044851463,3.042596.42.869834,2023-10-02,2
SPY234959,3.496905,43.272605,2023-09-27,2,0,30,22.279992675781273,NA,NA,2024,3.4339872044851463,3.496905.43.272605,2023-09-27,5
SPY234960,3.48709,43.27325999999999,2023-09-27,4,0,30,22.279992675781273,NA,NA,2024,3.4339872044851463,3.48709.43.27326,2023-09-27,5
SPY234961,3.0529504999999997,42.8789285,2023-10-02,5,0,30,22.719995117187523,NA,NA,2029,3.4339872044851463,3.05295.42.878928,2023-10-02,2
SPY234962,3.7688588,43.4298712,2023-10-09,1,0,30,21.879998779296898,NA,NA,2036,3.4339872044851463,3.768859.43.429871,2023-10-09,4
SPY2400054,3.043184,42.653661,2025-08-27,7,0,30,22.9999938964844,3.0625,42.625,2724,3.4339872044851463,3.043184.42.653661,2025-08-27,2
SPY2401034,7.12429,43.58795,2024-06-26,2,0,30,21.799981689453148,7.1875,43.5625,2297,3.4339872044851463,7.12429.43.58795,2024-06-26,1
SPY2401035,5.53552,43.21387,2024-06-28,19,0,30,20.790002441406273,5.5,43.1875,2299,3.4339872044851463,5.53552.43.21387,2024-06-28,4
SPY2401036,5.93635,43.10665,2024-06-27,11,0,30,20.700006103515648,NA,NA,2298,3.4339872044851463,5.93635.43.10665,2024-06-27,2
SPY2401037,3.481616,43.346038,2024-05-30,14,0,30,16.920007324218773,3.5,43.25,2270,3.4339872044851463,3.481616.43.346038,2024-05-30,5
SPY2401038,7.2853525,43.696144,2024-06-17,49,0,30,19.5100036621094,NA,NA,2288,3.4339872044851463,7.285353.43.696144,2024-06-17,3
SPY2401039,5.93647,43.106584999999995,2024-06-27,11,0,30,20.769982910156273,NA,NA,2298,3.4339872044851463,5.93647.43.106585,2024-06-27,2
SPY2401040,3.650165,43.415695,2024-06-07,2,0,30,18.159997558593773,3.6875,43.375,2278,3.4339872044851463,3.650165.43.415695,2024-06-07,5
SPY2401041,4.8098583,43.3876126,2024-07-05,3,0,30,19.7499938964844,4.8125,43.3125,2306,3.4339872044851463,4.809858.43.387613,2024-07-05,2
SPY2401042,5.2382100000000005,43.33054,2024-06-25,1,0,30,19.859979248046898,NA,NA,2296,3.4339872044851463,5.23821.43.33054,2024-06-25,4
SPY2401044,3.706128,43.435233499999995,2024-05-30,14,0,30,17.109979248046898,3.6875,43.375,2270,3.4339872044851463,3.706128.43.435233,2024-05-30,4
SPY2401045,7.2853525,43.696144,2024-06-17,49,0,30,19.5100036621094,NA,NA,2288,3.4339872044851463,7.285353.43.696144,2024-06-17,3
SPY2401046,5.2382100000000005,43.33054,2024-06-25,1,0,30,20.480004882812523,NA,NA,2296,3.4339872044851463,5.23821.43.33054,2024-06-25,4
SPY2401047,4.2355395,43.3843045,2024-05-30,36,0,25.59,18.049981689453148,4.25,43.375,2270,3.2805352052549286,4.235539.43.384304,2024-05-30,4
SPY2401048,4.503959,43.217293,2024-05-30,69,0,29.26,18.679986572265648,4.5,43.1875,2270,3.40982670836021,4.503959.43.217293,2024-05-30,3
SPY2401049,4.0278795,43.58134750000001,2024-05-31,1,0,25.25,17.089990234375023,4,43.5,2271,3.2676659890376327,4.02788.43.581348,2024-05-31,4
SPY2401050,5.1629000000000005,43.327495,2024-06-25,6,1,30,21.519982910156273,NA,NA,2296,3.4339872044851463,5.1629.43.327495,2024-06-25,4
SPY2401051,6.160413,43.084618,2024-06-18,5,0,30,19.629998779296898,NA,NA,2289,3.4339872044851463,6.160413.43.084618,2024-06-18,3
SPY2401053,6.774604999999999,43.438485,2024-06-26,15,0,30,20.700006103515648,NA,NA,2297,3.4339872044851463,6.774605.43.438485,2024-06-26,1
SPY2401054,5.536289999999999,43.21399,2024-06-28,19,0,30,20.790002441406273,5.5,43.1875,2299,3.4339872044851463,5.53629.43.21399,2024-06-28,4
SPY2401055,5.1629000000000005,43.327495,2024-06-25,6,1,30,21.769982910156273,NA,NA,2296,3.4339872044851463,5.1629.43.327495,2024-06-25,4
SPY2401058,3.0320549999999997,42.705625,2024-07-04,3,0,29.43,20.629998779296898,3.0625,42.6875,2305,3.4154289639088797,3.032055.42.705625,2024-07-04,2
SPY2401059,3.56211,43.31857,2024-06-14,3,0,25.01,19.100000000000023,NA,NA,2285,3.25848107946056,3.56211.43.31857,2024-06-14,5
SPY2401062,3.2237704999999997,43.2557015,2024-05-13,1,0,15.52,16.089990234375023,3.3125,43.25,2253,2.804571768092832,3.22377.43.255702,2024-05-13,1
SPY2401065,3.44738,43.289252000000005,2024-05-15,2,0,29,16.859979248046898,3.4375,43.25,2255,3.4011973816621555,3.44738.43.289252,2024-05-15,5
SPY2401066,3.44738,43.289252000000005,2024-05-15,2,0,29,16.859979248046898,3.4375,43.25,2255,3.4011973816621555,3.44738.43.289252,2024-05-15,5
SPY2401067,6.2468699999999995,43.115155,2024-06-27,3,0,30,21.209985351562523,NA,NA,2298,3.4339872044851463,6.24687.43.115155,2024-06-27,3
SPY2401068,3.60628,43.422045,2024-06-07,2,0,30,19.089990234375023,NA,NA,2278,3.4339872044851463,3.60628.43.422045,2024-06-07,5
SPY2401074,6.24732,43.115455,2024-06-27,3,0,30,21.129998779296898,NA,NA,2298,3.4339872044851463,6.24732.43.115455,2024-06-27,3
SPY2401081,4.0278795,43.58134750000001,2024-05-31,1,0,23.84,17.089990234375023,4,43.5,2271,3.212455257065278,4.02788.43.581348,2024-05-31,4
SPY2401083,6.58479,43.271964999999994,2024-06-27,3,0,30,21.570001220703148,6.6875,43.25,2298,3.4339872044851463,6.58479.43.271965,2024-06-27,3
SPY2401090,5.28125,43.35154,2024-06-25,20,0,30,21.459985351562523,NA,NA,2296,3.4339872044851463,5.28125.43.35154,2024-06-25,4
SPY2401093,3.7688588,43.4298712,2024-05-24,1,0,30,18.420007324218773,NA,NA,2264,3.4339872044851463,3.768859.43.429871,2024-05-24,4
SPY2401095,3.7688588,43.4298712,2024-05-24,1,0,30,18.420007324218773,NA,NA,2264,3.4339872044851463,3.768859.43.429871,2024-05-24,4
SPY2401099,3.656915,43.417525,2024-06-07,2,0,30,19.089990234375023,NA,NA,2278,3.4339872044851463,3.656915.43.417525,2024-06-07,5
SPY2401105,3.60631,43.422475,2024-06-07,2,0,30,18.779992675781273,NA,NA,2278,3.4339872044851463,3.60631.43.422475,2024-06-07,5
SPY2401106,3.025533,42.8617175,2024-05-16,2,0,23.45,15.820001220703148,3.0625,42.875,2256,3.196630215920881,3.025533.42.861717,2024-05-16,2
SPY2401108,6.579245,43.271935,2024-06-27,3,0,30,21.570001220703148,6.6875,43.25,2298,3.4339872044851463,6.579245.43.271935,2024-06-27,3
SPY2401109,3.2237495000000003,43.254674,2024-05-13,1,0,15.52,16.089990234375023,3.3125,43.25,2253,2.804571768092832,3.22375.43.254674,2024-05-13,1
SPY2401111,3.0006555,42.967339499999994,2024-05-16,2,0,7.36,15.859979248046898,3.0625,42.9375,2256,2.1234584270966104,3.000656.42.967339,2024-05-16,2
SPY2401115,3.56211,43.31857,2024-06-14,3,0,21.62,19.100000000000023,NA,NA,2285,3.1188344706879745,3.56211.43.31857,2024-06-14,5
SPY2401119,5.28125,43.35154,2024-06-25,20,0,30,20.119989013671898,5.3125,43.25,2296,3.4339872044851463,5.28125.43.35154,2024-06-25,4
SPY2401146,3.7688588,43.4298712,2024-11-14,1,0,30,18.279992675781273,NA,NA,2438,3.4339872044851463,3.768859.43.429871,2024-11-14,4
SPY2401149,3.131729,42.502135,2024-11-05,9,0,30,19.079980468750023,NA,NA,2429,3.4339872044851463,3.131729.42.502135,2024-11-05,5
SPY2401150,3.13184,42.507635,2024-08-26,11,0,31.78,21.640008544921898,3.1875,42.5,2358,3.4898185733156835,3.13184.42.507635,2024-08-26,5
SPY2401151,3.13184,42.507635,2024-08-26,11,0,27.82,21.640008544921898,3.1875,42.5,2358,3.361069590571376,3.13184.42.507635,2024-08-26,5
SPY2401152,3.1379764999999997,42.513815,2024-11-05,22,0,30,19.079980468750023,NA,NA,2429,3.4339872044851463,3.137976.42.513815,2024-11-05,5
SPY2401153,3.131729,42.502135,2024-11-05,9,0,30,19.070001220703148,NA,NA,2429,3.4339872044851463,3.131729.42.502135,2024-11-05,5
SPY2401154,3.1379764999999997,42.513815,2024-11-05,22,0,30,19.079980468750023,NA,NA,2429,3.4339872044851463,3.137976.42.513815,2024-11-05,5
SPY2401155,3.7688588,43.4298712,2025-03-13,1,0,30,12.859979248046898,3.8125,43.4375,2557,3.4339872044851463,3.768859.43.429871,2025-03-13,4
SPY2401157,3.13727,42.496885,2024-08-26,16,0,24.68,27.209985351562523,NA,NA,2358,3.2457124788217606,3.13727.42.496885,2024-08-26,5
SPY2401158,3.7688588,43.4298712,2025-03-13,1,0,30,12.689996337890648,NA,NA,2557,3.4339872044851463,3.768859.43.429871,2025-03-13,4
SPY2401161,3.13727,42.496885,2024-08-26,16,0,31.67,27.209985351562523,NA,NA,2358,3.4864572256129787,3.13727.42.496885,2024-08-26,5
SPY2401166,3.1505835,42.479074999999995,2024-08-28,34,0,29.04,22.230004882812523,NA,NA,2360,3.402529826895934,3.150584.42.479075,2024-08-28,5
SPY2401167,3.7688588,43.4298712,2024-08-21,1,0,30,21.570001220703148,3.8125,43.4375,2353,3.4339872044851463,3.768859.43.429871,2024-08-21,4
SPY2401180,3.1608583,42.462683,2025-04-10,43,0,30,14.109979248046898,NA,NA,2585,3.4339872044851463,3.160858.42.462683,2025-04-10,5
SPY2401181,3.7688588,43.4298712,2024-07-31,1,0,30,25.390008544921898,3.8125,43.4375,2332,3.4339872044851463,3.768859.43.429871,2024-07-31,4
SPY2401183,3.7688588,43.4298712,2024-08-21,1,0,30,21.570001220703148,3.8125,43.4375,2353,3.4339872044851463,3.768859.43.429871,2024-08-21,4
SPY2401194,3.1505835,42.479074999999995,2024-08-28,34,0,30.06,22.230004882812523,NA,NA,2360,3.435920817720541,3.150584.42.479075,2024-08-28,5
SPY2401196,3.7688588,43.4298712,2024-11-14,1,0,30,18.170007324218773,NA,NA,2438,3.4339872044851463,3.768859.43.429871,2024-11-14,4
SPY2401266,5.6232655000000005,43.15575,2025-04-29,46,0,21.46629,15.570001220703148,NA,NA,2604,3.1120159635309728,5.623266.43.15575,2025-04-29,4
SPY2401267,8.752296,42.595315,2024-05-16,123,0,29.9,17.510003662109398,8.75,42.625,2256,3.4307561839036995,8.752296.42.595315,2024-05-16,1
SPY2401269,5.6214435,43.156255,2025-04-28,46,0,18.35837,15.119989013671898,NA,NA,2603,2.963124884089023,5.621443.43.156255,2025-04-28,4
SPY2401270,5.62238,43.157645,2025-04-28,46,0,30,14.980004882812525,NA,NA,2603,3.4339872044851463,5.62238.43.157645,2025-04-28,4
SPY2401272,8.7346015,42.570965,2024-05-16,32,0,30.43,17.469995117187523,8.6875,42.5625,2256,3.447762850809476,8.734602.42.570965,2024-05-16,1
SPY2401273,5.687193,43.164815,2025-04-29,17,0,29.9385,15.570001220703148,NA,NA,2604,3.432001363038848,5.687193.43.164815,2025-04-29,4
SPY2401274,5.6871849999999995,43.1648,2025-04-29,17,0,30,16.499993896484398,5.6875,43.125,2604,3.4339872044851463,5.687185.43.1648,2025-04-29,4
SPY2401275,5.6871849999999995,43.1648,2025-04-29,17,0,30,16.499993896484398,5.6875,43.125,2604,3.4339872044851463,5.687185.43.1648,2025-04-29,4
SPY2401276,5.6872995,43.16489,2025-04-29,17,0,29.92781,15.570001220703148,NA,NA,2604,3.431655779146536,5.6873.43.16489,2025-04-29,4
SPY2401277,5.664575,43.1803,2025-04-30,10,0,30,15.909997558593773,NA,NA,2605,3.4339872044851463,5.664575.43.1803,2025-04-30,4
SPY2401278,5.623092,43.182965,2025-04-29,8,0,29.89603,15.570001220703148,NA,NA,2604,3.4306276966851694,5.623092.43.182965,2025-04-29,4
SPY2401279,5.62238,43.157645,2025-04-28,46,0,30,14.980004882812525,NA,NA,2603,3.4339872044851463,5.62238.43.157645,2025-04-28,4
SPY2401280,5.664575,43.1803,2025-04-30,10,0,30,15.909997558593773,NA,NA,2605,3.4339872044851463,5.664575.43.1803,2025-04-30,4
SPY2401282,8.734503,42.57119,2024-05-15,32,0,29.84,17.799981689453148,8.6875,42.5625,2255,3.4288125486951286,8.734503.42.57119,2024-05-15,1
SPY2401283,8.75234,42.5952522,2024-05-16,123,0,30.49,17.510003662109398,8.75,42.625,2256,3.4496700351129332,8.75234.42.595252,2024-05-16,1
SPY2401440,7.098391667,43.540466665,2024-05-21,19,0,60,18.2399841308594,NA,NA,2261,4.110873864173311,7.098392.43.540467,2024-05-21,1
SPY2401441,7.098391667,43.540466665,2024-05-21,19,0,60,18.2399841308594,NA,NA,2261,4.110873864173311,7.098392.43.540467,2024-05-21,1
SPY2401442,7.1396250000000006,43.586941665,2024-05-21,26,0,60,18.980004882812523,NA,NA,2261,4.110873864173311,7.139625.43.586942,2024-05-21,1
SPY2401443,7.1396250000000006,43.586941665,2024-05-21,26,0,60,18.140008544921898,7.1875,43.5625,2261,4.110873864173311,7.139625.43.586942,2024-05-21,1
SPY2401444,7.144183333,43.62760833,2024-05-21,109,0,60,18.2399841308594,NA,NA,2261,4.110873864173311,7.144183.43.627608,2024-05-21,1
SPY2401445,7.144183333,43.62760833,2024-05-21,109,0,60,18.2399841308594,NA,NA,2261,4.110873864173311,7.144183.43.627608,2024-05-21,1
SPY2401446,7.1318691665,43.552524165,2024-05-22,24,1,60,18.209985351562523,7.1875,43.5625,2262,4.110873864173311,7.131869.43.552524,2024-05-22,1
SPY2401447,7.1318691665,43.552524165,2024-05-22,24,1,60,18.480004882812523,NA,NA,2262,4.110873864173311,7.131869.43.552524,2024-05-22,1
SPY2401450,7.1737416665,43.648616665000006,2024-05-22,94,0,60,18.299981689453148,7.1875,43.625,2262,4.110873864173311,7.173742.43.648617,2024-05-22,1
SPY2401451,7.1737416665,43.648616665000006,2024-05-22,94,0,60,18.299981689453148,7.1875,43.625,2262,4.110873864173311,7.173742.43.648617,2024-05-22,1
SPY2401452,7.260405,43.683395835,2024-05-22,266,0,60,18.299981689453148,7.25,43.625,2262,4.110873864173311,7.260405.43.683396,2024-05-22,3
SPY2401453,7.260405,43.683395835,2024-05-22,266,0,60,18.299981689453148,7.25,43.625,2262,4.110873864173311,7.260405.43.683396,2024-05-22,3
SPY2401454,7.303239167,43.687078334999995,2024-05-22,28,0,60,18.399987792968773,7.375,43.6875,2262,4.110873864173311,7.303239.43.687078,2024-05-22,3
SPY2401455,7.303239167,43.687078334999995,2024-05-22,28,0,60,18.399987792968773,7.375,43.6875,2262,4.110873864173311,7.303239.43.687078,2024-05-22,3
SPY2401456,7.3379833335,43.687016665,2024-05-22,7,1,60,18.399987792968773,7.375,43.6875,2262,4.110873864173311,7.337983.43.687017,2024-05-22,2
SPY2401457,7.3379833335,43.687016665,2024-05-22,7,1,60,18.399987792968773,7.375,43.6875,2262,4.110873864173311,7.337983.43.687017,2024-05-22,2
SPY2401458,7.5117125,43.76490083,2024-05-23,39,0,60,18.010003662109398,NA,NA,2263,4.110873864173311,7.511712.43.764901,2024-05-23,2
SPY2401459,7.5117125,43.76490083,2024-05-23,39,0,60,18.010003662109398,NA,NA,2263,4.110873864173311,7.511712.43.764901,2024-05-23,2
SPY2401460,7.469725,43.75071667,2024-05-23,31,0,60,18.019982910156273,7.5,43.75,2263,4.110873864173311,7.469725.43.750717,2024-05-23,2
SPY2401461,7.469725,43.75071667,2024-05-23,31,0,60,18.019982910156273,7.5,43.75,2263,4.110873864173311,7.469725.43.750717,2024-05-23,2
SPY2401462,7.4031,43.71585,2024-05-23,25,1,30,17.939996337890648,7.375,43.6875,2263,3.4339872044851463,7.4031.43.71585,2024-05-23,2
SPY2401463,7.4031,43.71585,2024-05-23,25,1,30,17.939996337890648,7.375,43.6875,2263,3.4339872044851463,7.4031.43.71585,2024-05-23,2
SPY2401464,7.3724083335,43.711258335,2024-05-23,57,0,60,17.939996337890648,7.375,43.6875,2263,4.110873864173311,7.372408.43.711258,2024-05-23,2
SPY2401465,7.3724083335,43.711258335,2024-05-23,57,0,60,17.939996337890648,7.375,43.6875,2263,4.110873864173311,7.372408.43.711258,2024-05-23,2
SPY2401466,7.0671166665000005,43.536725,2024-05-24,60,0,60,18.420007324218773,NA,NA,2264,4.110873864173311,7.067117.43.536725,2024-05-24,1
SPY2401467,7.0671166665000005,43.536725,2024-05-24,60,0,60,18.420007324218773,NA,NA,2264,4.110873864173311,7.067117.43.536725,2024-05-24,1
SPY2401468,7.062030833,43.523305,2024-05-24,29,0,60,18.450006103515648,NA,NA,2264,4.110873864173311,7.062031.43.523305,2024-05-24,1
SPY2401469,7.062030833,43.523305,2024-05-24,29,0,60,18.450006103515648,NA,NA,2264,4.110873864173311,7.062031.43.523305,2024-05-24,1
SPY2401470,7.055566667,43.50565833,2024-05-24,5,0,60,18.450006103515648,NA,NA,2264,4.110873864173311,7.055567.43.505658,2024-05-24,1
SPY2401471,7.055566667,43.50565833,2024-05-24,5,0,60,18.450006103515648,NA,NA,2264,4.110873864173311,7.055567.43.505658,2024-05-24,1
SPY2401472,7.033158333499999,43.51455,2024-05-24,53,0,60,17.999993896484398,7.0625,43.5,2264,4.110873864173311,7.033158.43.51455,2024-05-24,1
SPY2401473,7.033158333499999,43.51455,2024-05-24,53,0,60,17.999993896484398,7.0625,43.5,2264,4.110873864173311,7.033158.43.51455,2024-05-24,1
SPY2401474,7.0041166665,43.536983335,2024-05-24,106,0,60,17.969995117187523,7,43.5,2264,4.110873864173311,7.004117.43.536983,2024-05-24,1
SPY2401477,6.963375,43.528466665,2024-05-24,157,0,60,17.969995117187523,7,43.5,2264,4.110873864173311,6.963375.43.528467,2024-05-24,1
SPY2401478,6.9496416665,43.49679167,2024-05-24,120,0,60,17.969995117187523,7,43.5,2264,4.110873864173311,6.949642.43.496792,2024-05-24,1
SPY2401479,6.9496416665,43.49679167,2024-05-24,120,0,60,17.969995117187523,7,43.5,2264,4.110873864173311,6.949642.43.496792,2024-05-24,1
SPY2401480,6.9416333335,43.46806667,2024-05-24,84,1,60,17.839990234375023,6.9375,43.4375,2264,4.110873864173311,6.941633.43.468067,2024-05-24,1
SPY2401481,6.9416333335,43.46806667,2024-05-24,84,1,60,17.839990234375023,6.9375,43.4375,2264,4.110873864173311,6.941633.43.468067,2024-05-24,1
SPY2401482,6.91785,43.43675,2024-05-24,177,1,60,17.999993896484398,NA,NA,2264,4.110873864173311,6.91785.43.43675,2024-05-24,1
SPY2401483,6.91785,43.43675,2024-05-24,177,1,60,17.999993896484398,NA,NA,2264,4.110873864173311,6.91785.43.43675,2024-05-24,1
SPY2401484,6.8787416665,43.4133,2024-05-25,160,0,60,18.359979248046898,NA,NA,2265,4.110873864173311,6.878742.43.4133,2024-05-25,1
SPY2401485,6.8787416665,43.4133,2024-05-25,160,0,60,18.359979248046898,NA,NA,2265,4.110873864173311,6.878742.43.4133,2024-05-25,1
SPY2401486,6.817091667,43.40678333,2024-05-25,44,0,60,18.359979248046898,NA,NA,2265,4.110873864173311,6.817092.43.406783,2024-05-25,1
SPY2401487,6.817091667,43.40678333,2024-05-25,44,0,60,18.359979248046898,NA,NA,2265,4.110873864173311,6.817092.43.406783,2024-05-25,1
SPY2401488,6.767466667,43.404133335,2024-05-25,61,0,60,18.029992675781273,6.75,43.375,2265,4.110873864173311,6.767467.43.404133,2024-05-25,1
SPY2401489,6.767466667,43.404133335,2024-05-25,61,0,60,18.029992675781273,6.75,43.375,2265,4.110873864173311,6.767467.43.404133,2024-05-25,1
SPY2401490,6.732508333,43.38241667,2024-05-25,9,0,60,18.029992675781273,6.75,43.375,2265,4.110873864173311,6.732508.43.382417,2024-05-25,1
SPY2401491,6.732508333,43.38241667,2024-05-25,9,0,60,18.029992675781273,6.75,43.375,2265,4.110873864173311,6.732508.43.382417,2024-05-25,1
SPY2401492,6.709205,43.349509165,2024-05-25,40,0,60,18.029992675781273,6.75,43.375,2265,4.110873864173311,6.709205.43.349509,2024-05-25,1
SPY2401493,6.709205,43.349509165,2024-05-25,40,0,60,18.029992675781273,6.75,43.375,2265,4.110873864173311,6.709205.43.349509,2024-05-25,1
SPY2401494,6.6968166665,43.326791665,2024-05-25,77,0,60,18.379998779296898,NA,NA,2265,4.110873864173311,6.696817.43.326792,2024-05-25,2
SPY2401495,6.6968166665,43.326791665,2024-05-25,77,0,60,18.379998779296898,NA,NA,2265,4.110873864173311,6.696817.43.326792,2024-05-25,2
SPY2401496,6.6709175,43.307684165,2024-05-25,16,0,60,18.379998779296898,NA,NA,2265,4.110873864173311,6.670917.43.307684,2024-05-25,2
SPY2401497,6.6709175,43.307684165,2024-05-25,16,0,60,18.379998779296898,NA,NA,2265,4.110873864173311,6.670917.43.307684,2024-05-25,2
SPY2401498,6.6279666665,43.28405,2024-05-25,21,0,60,17.549981689453148,6.6875,43.25,2265,4.110873864173311,6.627967.43.28405,2024-05-25,2
SPY2401499,6.6279666665,43.28405,2024-05-25,21,0,60,17.549981689453148,6.6875,43.25,2265,4.110873864173311,6.627967.43.28405,2024-05-25,2
SPY2401500,6.63533,43.271459165,2024-05-25,20,0,60,17.549981689453148,6.6875,43.25,2265,4.110873864173311,6.63533.43.271459,2024-05-25,2
SPY2401501,6.63533,43.271459165,2024-05-25,20,0,60,17.549981689453148,6.6875,43.25,2265,4.110873864173311,6.63533.43.271459,2024-05-25,2
SPY2401502,6.68255,43.276716664999995,2024-05-26,27,0,60,18.529992675781273,NA,NA,2266,4.110873864173311,6.68255.43.276717,2024-05-26,2
SPY2401503,6.68255,43.276716664999995,2024-05-26,27,0,60,18.529992675781273,NA,NA,2266,4.110873864173311,6.68255.43.276717,2024-05-26,2
SPY2401504,6.7211333335,43.27566667,2024-05-26,29,0,60,18.529992675781273,NA,NA,2266,4.110873864173311,6.721133.43.275667,2024-05-26,2
SPY2401505,6.7211333335,43.27566667,2024-05-26,29,0,60,18.529992675781273,NA,NA,2266,4.110873864173311,6.721133.43.275667,2024-05-26,2
SPY2401506,6.737125000000001,43.259166665,2024-05-26,23,0,60,18.290002441406273,6.75,43.25,2266,4.110873864173311,6.737125.43.259167,2024-05-26,2
SPY2401507,6.737125000000001,43.259166665,2024-05-26,23,0,60,18.290002441406273,6.75,43.25,2266,4.110873864173311,6.737125.43.259167,2024-05-26,2
SPY2401508,6.7130916665000004,43.241225,2024-05-26,86,0,60,18.200006103515648,6.6875,43.25,2266,4.110873864173311,6.713092.43.241225,2024-05-26,2
SPY2401509,6.7130916665000004,43.241225,2024-05-26,86,0,60,18.200006103515648,6.6875,43.25,2266,4.110873864173311,6.713092.43.241225,2024-05-26,2
SPY2401510,6.6999608335000005,43.2216825,2024-05-26,51,0,60,18.200006103515648,6.6875,43.25,2266,4.110873864173311,6.699961.43.221682,2024-05-26,2
SPY2401511,6.6999608335000005,43.2216825,2024-05-26,51,0,60,18.200006103515648,6.6875,43.25,2266,4.110873864173311,6.699961.43.221682,2024-05-26,2
SPY2401514,6.6926058335,43.19831833,2024-05-26,23,0,60,17.989984130859398,6.6875,43.1875,2266,4.110873864173311,6.692606.43.198318,2024-05-26,2
SPY2401515,6.6926058335,43.19831833,2024-05-26,23,0,60,17.989984130859398,6.6875,43.1875,2266,4.110873864173311,6.692606.43.198318,2024-05-26,2
SPY2401516,6.6595333335,43.1744,2024-05-26,40,0,60,17.989984130859398,6.6875,43.1875,2266,4.110873864173311,6.659533.43.1744,2024-05-26,2
SPY2401517,6.6595333335,43.1744,2024-05-26,40,0,60,17.989984130859398,6.6875,43.1875,2266,4.110873864173311,6.659533.43.1744,2024-05-26,2
SPY2401518,6.622341667000001,43.164225,2024-05-26,7,0,60,18.200006103515648,NA,NA,2266,4.110873864173311,6.622342.43.164225,2024-05-26,2
SPY2401519,6.622341667000001,43.164225,2024-05-26,7,0,60,18.200006103515648,NA,NA,2266,4.110873864173311,6.622342.43.164225,2024-05-26,2
SPY2401520,6.576241667,43.167874999999995,2024-05-26,113,0,60,18.290002441406273,NA,NA,2266,4.110873864173311,6.576242.43.167875,2024-05-26,3
SPY2401521,6.576241667,43.167874999999995,2024-05-26,113,0,60,18.290002441406273,NA,NA,2266,4.110873864173311,6.576242.43.167875,2024-05-26,3
SPY2401522,6.526891666999999,43.157316665,2024-05-27,41,0,60,18.670007324218773,NA,NA,2267,4.110873864173311,6.526892.43.157317,2024-05-27,3
SPY2401523,6.526891666999999,43.157316665,2024-05-27,41,0,60,18.670007324218773,NA,NA,2267,4.110873864173311,6.526892.43.157317,2024-05-27,3
SPY2401524,6.472366666499999,43.144675,2024-05-27,54,0,60,18.589990234375023,NA,NA,2267,4.110873864173311,6.472367.43.144675,2024-05-27,3
SPY2401525,6.472366666499999,43.144675,2024-05-27,54,0,60,18.589990234375023,NA,NA,2267,4.110873864173311,6.472367.43.144675,2024-05-27,3
SPY2401526,6.4198083335,43.13855833,2024-05-27,57,0,60,18.589990234375023,NA,NA,2267,4.110873864173311,6.419808.43.138558,2024-05-27,3
SPY2401527,6.4198083335,43.13855833,2024-05-27,57,0,60,18.589990234375023,NA,NA,2267,4.110873864173311,6.419808.43.138558,2024-05-27,3
SPY2401528,6.39695,43.119075,2024-05-27,43,0,60,18.5100036621094,NA,NA,2267,4.110873864173311,6.39695.43.119075,2024-05-27,3
SPY2401529,6.39695,43.119075,2024-05-27,43,0,60,18.5100036621094,NA,NA,2267,4.110873864173311,6.39695.43.119075,2024-05-27,3
SPY2401530,6.380241667,43.089941665,2024-05-27,48,0,60,18.5100036621094,NA,NA,2267,4.110873864173311,6.380242.43.089942,2024-05-27,3
SPY2401531,6.380241667,43.089941665,2024-05-27,48,0,60,18.5100036621094,NA,NA,2267,4.110873864173311,6.380242.43.089942,2024-05-27,3
SPY2401532,6.3388,43.080825,2024-05-27,21,0,60,18.230004882812523,6.5,43.0625,2267,4.110873864173311,6.3388.43.080825,2024-05-27,3
SPY2401533,6.3388,43.080825,2024-05-27,21,0,60,18.230004882812523,6.5,43.0625,2267,4.110873864173311,6.3388.43.080825,2024-05-27,3
SPY2401534,6.2848333335,43.07918333,2024-05-27,36,0,60,18.329980468750023,6.125,43,2267,4.110873864173311,6.284833.43.079183,2024-05-27,3
SPY2401535,6.2848333335,43.07918333,2024-05-27,36,0,60,18.329980468750023,6.125,43,2267,4.110873864173311,6.284833.43.079183,2024-05-27,3
SPY2401536,6.244375,43.0545,2024-05-27,29,0,60,18.329980468750023,6.125,43,2267,4.110873864173311,6.244375.43.0545,2024-05-27,3
SPY2401537,6.244375,43.0545,2024-05-27,29,0,60,18.329980468750023,6.125,43,2267,4.110873864173311,6.244375.43.0545,2024-05-27,3
SPY2401538,6.2483416665,43.01895,2024-05-28,16,0,60,18.409997558593773,6.25,42.9375,2268,4.110873864173311,6.248342.43.01895,2024-05-28,3
SPY2401539,6.2483416665,43.01895,2024-05-28,16,0,60,18.409997558593773,6.25,42.9375,2268,4.110873864173311,6.248342.43.01895,2024-05-28,3
SPY2401540,6.246441667,42.995325,2024-05-27,34,1,60,18.159997558593773,NA,NA,2267,4.110873864173311,6.246442.42.995325,2024-05-27,3
SPY2401541,6.246441667,42.995325,2024-05-27,34,1,60,18.159997558593773,NA,NA,2267,4.110873864173311,6.246442.42.995325,2024-05-27,3
SPY2401542,6.2079,42.98855,2024-05-28,32,1,60,18.379998779296898,6.1875,42.9375,2268,4.110873864173311,6.2079.42.98855,2024-05-28,3
SPY2401543,6.2079,42.98855,2024-05-28,32,1,60,18.379998779296898,6.1875,42.9375,2268,4.110873864173311,6.2079.42.98855,2024-05-28,3
SPY2401546,6.1632666665,42.998941665,2024-05-28,17,0,60,17.989984130859398,6.125,43,2268,4.110873864173311,6.163267.42.998942,2024-05-28,2
SPY2401547,6.1632666665,42.998941665,2024-05-28,17,0,60,17.989984130859398,6.125,43,2268,4.110873864173311,6.163267.42.998942,2024-05-28,2
SPY2401548,6.1206083335,43.01763333,2024-05-28,63,0,60,17.989984130859398,6.125,43,2268,4.110873864173311,6.120608.43.017633,2024-05-28,2
SPY2401549,6.1206083335,43.01763333,2024-05-28,63,0,60,17.989984130859398,6.125,43,2268,4.110873864173311,6.120608.43.017633,2024-05-28,2
SPY2401550,6.087833333,43.037008330000006,2024-05-28,29,0,60,17.989984130859398,6.0625,43,2268,4.110873864173311,6.087833.43.037008,2024-05-28,2
SPY2401551,6.087833333,43.037008330000006,2024-05-28,29,0,60,17.989984130859398,6.0625,43,2268,4.110873864173311,6.087833.43.037008,2024-05-28,2
SPY2401552,6.069533333500001,43.060516664999994,2024-05-28,49,0,60,17.989984130859398,6.0625,43,2268,4.110873864173311,6.069533.43.060517,2024-05-28,2
SPY2401553,6.069533333500001,43.060516664999994,2024-05-28,49,0,60,17.989984130859398,6.0625,43,2268,4.110873864173311,6.069533.43.060517,2024-05-28,2
SPY2401554,6.036175,43.077016665,2024-05-29,18,0,60,18.2600036621094,6.0625,43,2269,4.110873864173311,6.036175.43.077017,2024-05-29,2
SPY2401555,6.036175,43.077016665,2024-05-29,18,0,60,18.2600036621094,6.0625,43,2269,4.110873864173311,6.036175.43.077017,2024-05-29,2
SPY2401556,5.9859883335,43.088066665,2024-05-29,44,0,60,18.290002441406273,6,43,2269,4.110873864173311,5.985988.43.088067,2024-05-29,2
SPY2401557,5.9859883335,43.088066665,2024-05-29,44,0,60,18.290002441406273,6,43,2269,4.110873864173311,5.985988.43.088067,2024-05-29,2
SPY2401558,5.960475,43.081658335,2024-05-29,46,0,60,18.279992675781273,5.9375,43,2269,4.110873864173311,5.960475.43.081658,2024-05-29,2
SPY2401559,5.960475,43.081658335,2024-05-29,46,0,60,18.279992675781273,5.9375,43,2269,4.110873864173311,5.960475.43.081658,2024-05-29,2
SPY2401560,5.9287583335,43.064616665,2024-05-29,38,0,60,18.279992675781273,5.9375,43,2269,4.110873864173311,5.928758.43.064617,2024-05-29,2
SPY2401561,5.9287583335,43.064616665,2024-05-29,38,0,60,18.279992675781273,5.9375,43,2269,4.110873864173311,5.928758.43.064617,2024-05-29,2
SPY2401562,5.882641667,43.05275833,2024-05-29,69,0,60,18.189996337890648,NA,NA,2269,4.110873864173311,5.882642.43.052758,2024-05-29,2
SPY2401563,5.882641667,43.05275833,2024-05-29,69,0,60,18.189996337890648,NA,NA,2269,4.110873864173311,5.882642.43.052758,2024-05-29,2
SPY2401564,5.840400000000001,43.047166665000006,2024-05-29,12,0,60,18.2499938964844,5.8125,43,2269,4.110873864173311,5.8404.43.047167,2024-05-29,2
SPY2401565,5.840400000000001,43.047166665000006,2024-05-29,12,0,60,18.2499938964844,5.8125,43,2269,4.110873864173311,5.8404.43.047167,2024-05-29,2
SPY2401566,5.7936583335,43.060266665,2024-05-29,46,0,60,18.369989013671898,5.75,43.0625,2269,4.110873864173311,5.793658.43.060267,2024-05-29,2
SPY2401567,5.7936583335,43.060266665,2024-05-29,46,0,60,18.369989013671898,5.75,43.0625,2269,4.110873864173311,5.793658.43.060267,2024-05-29,2
SPY2401568,5.771100000000001,43.08070833,2024-05-29,8,0,60,18.369989013671898,5.75,43.0625,2269,4.110873864173311,5.7711.43.080708,2024-05-29,2
SPY2401569,5.771100000000001,43.08070833,2024-05-29,8,0,60,18.369989013671898,5.75,43.0625,2269,4.110873864173311,5.7711.43.080708,2024-05-29,2
SPY2401570,5.7613583335000005,43.102050000000006,2024-05-29,45,0,60,18.379998779296898,5.75,43.125,2269,4.110873864173311,5.761358.43.10205,2024-05-29,2
SPY2401571,5.7613583335000005,43.102050000000006,2024-05-29,45,0,60,18.379998779296898,5.75,43.125,2269,4.110873864173311,5.761358.43.10205,2024-05-29,2
SPY2401572,5.7338416665,43.12675833,2024-05-29,35,0,60,18.379998779296898,5.75,43.125,2269,4.110873864173311,5.733842.43.126758,2024-05-29,2
SPY2401573,5.7338416665,43.12675833,2024-05-29,35,0,60,18.379998779296898,5.75,43.125,2269,4.110873864173311,5.733842.43.126758,2024-05-29,2
SPY2401574,5.6950916665,43.151441665,2024-06-02,11,0,60,15.730004882812525,5.6875,43.125,2273,4.110873864173311,5.695092.43.151442,2024-06-02,2
SPY2401575,5.6950916665,43.151441665,2024-06-02,11,0,60,15.730004882812525,5.6875,43.125,2273,4.110873864173311,5.695092.43.151442,2024-06-02,2
SPY2401576,5.649383333499999,43.16521667,2024-06-02,52,0,60,15.839990234375025,NA,NA,2273,4.110873864173311,5.649383.43.165217,2024-06-02,4
SPY2401577,5.649383333499999,43.16521667,2024-06-02,52,0,60,15.839990234375025,NA,NA,2273,4.110873864173311,5.649383.43.165217,2024-06-02,4
SPY2401578,5.605008333500001,43.16625,2024-06-03,26,0,60,16.469995117187523,NA,NA,2274,4.110873864173311,5.605008.43.16625,2024-06-03,4
SPY2401579,5.605008333500001,43.16625,2024-06-03,26,0,60,16.469995117187523,NA,NA,2274,4.110873864173311,5.605008.43.16625,2024-06-03,4
SPY2401580,5.564083333499999,43.18023333,2024-06-03,22,0,60,16.469995117187523,NA,NA,2274,4.110873864173311,5.564083.43.180233,2024-06-03,4
SPY2401581,5.564083333499999,43.18023333,2024-06-03,22,0,60,16.469995117187523,NA,NA,2274,4.110873864173311,5.564083.43.180233,2024-06-03,4
SPY2401582,5.516465,43.197923329999995,2024-06-03,41,0,60,15.730004882812525,5.5,43.1875,2274,4.110873864173311,5.516465.43.197923,2024-06-03,4
SPY2401583,5.516465,43.197923329999995,2024-06-03,41,0,60,15.730004882812525,5.5,43.1875,2274,4.110873864173311,5.516465.43.197923,2024-06-03,4
SPY2401584,5.467700000000001,43.20163333,2024-06-03,61,0,60,17.760003662109398,NA,NA,2274,4.110873864173311,5.4677.43.201633,2024-06-03,4
SPY2401585,5.467700000000001,43.20163333,2024-06-03,61,0,60,18.209985351562523,NA,NA,2274,4.110873864173311,5.4677.43.201633,2024-06-03,4
SPY2401586,5.419843333499999,43.2049925,2024-06-03,48,1,60,15.730004882812525,5.4375,43.1875,2274,4.110873864173311,5.419843.43.204993,2024-06-03,4
SPY2401587,5.419843333499999,43.2049925,2024-06-03,48,1,60,15.730004882812525,5.4375,43.1875,2274,4.110873864173311,5.419843.43.204993,2024-06-03,4
SPY2401588,5.393613333,43.197275000000005,2024-06-03,56,1,60,16.109979248046898,NA,NA,2274,4.110873864173311,5.393613.43.197275,2024-06-03,4
SPY2401589,5.393613333,43.197275000000005,2024-06-03,56,1,60,16.109979248046898,NA,NA,2274,4.110873864173311,5.393613.43.197275,2024-06-03,4
SPY2401590,5.3505333335,43.194216665,2024-06-03,61,0,60,15.769982910156273,5.375,43.1875,2274,4.110873864173311,5.350533.43.194217,2024-06-03,4
SPY2401591,5.3505333335,43.194216665,2024-06-03,61,0,60,15.769982910156273,5.375,43.1875,2274,4.110873864173311,5.350533.43.194217,2024-06-03,4
SPY2401592,5.3380916665000004,43.224066665,2024-06-03,27,0,60,16.019982910156273,5.3125,43.25,2274,4.110873864173311,5.338092.43.224067,2024-06-03,4
SPY2401593,5.3380916665000004,43.224066665,2024-06-03,27,0,60,16.019982910156273,5.3125,43.25,2274,4.110873864173311,5.338092.43.224067,2024-06-03,4
SPY2401594,5.329341667,43.257316665000005,2024-06-03,35,0,60,16.019982910156273,5.3125,43.25,2274,4.110873864173311,5.329342.43.257317,2024-06-03,4
SPY2401595,5.329341667,43.257316665000005,2024-06-03,35,0,60,16.019982910156273,5.3125,43.25,2274,4.110873864173311,5.329342.43.257317,2024-06-03,4
SPY2401596,5.2988833335,43.27356667,2024-06-03,25,0,60,15.730004882812525,NA,NA,2274,4.110873864173311,5.298883.43.273567,2024-06-03,4
SPY2401597,5.2988833335,43.27356667,2024-06-03,25,0,60,15.730004882812525,NA,NA,2274,4.110873864173311,5.298883.43.273567,2024-06-03,4
SPY2401598,5.3048416665,43.2817725,2024-06-04,6,0,60,16.859979248046898,NA,NA,2275,4.110873864173311,5.304842.43.281773,2024-06-04,4
SPY2401599,5.3048416665,43.2817725,2024-06-04,6,0,60,16.859979248046898,NA,NA,2275,4.110873864173311,5.304842.43.281773,2024-06-04,4
SPY2401600,5.3317499999999995,43.307875,2024-06-04,50,0,60,16.859979248046898,NA,NA,2275,4.110873864173311,5.33175.43.307875,2024-06-04,4
SPY2401601,5.3317499999999995,43.307875,2024-06-04,50,0,60,16.859979248046898,NA,NA,2275,4.110873864173311,5.33175.43.307875,2024-06-04,4
SPY2401602,5.3142,43.336116665,2024-06-04,52,0,60,16.769982910156273,NA,NA,2275,4.110873864173311,5.3142.43.336117,2024-06-04,4
SPY2401603,5.3142,43.336116665,2024-06-04,52,0,60,16.769982910156273,NA,NA,2275,4.110873864173311,5.3142.43.336117,2024-06-04,4
SPY2401604,5.2662833335,43.337141665,2024-06-04,36,0,60,16.769982910156273,NA,NA,2275,4.110873864173311,5.266283.43.337142,2024-06-04,4
SPY2401605,5.2662833335,43.337141665,2024-06-04,36,0,60,16.769982910156273,NA,NA,2275,4.110873864173311,5.266283.43.337142,2024-06-04,4
SPY2401606,5.20965,43.32555,2024-06-04,47,0,60,16.820001220703148,NA,NA,2275,4.110873864173311,5.20965.43.32555,2024-06-04,4
SPY2401607,5.20965,43.32555,2024-06-04,47,0,60,16.820001220703148,NA,NA,2275,4.110873864173311,5.20965.43.32555,2024-06-04,4
SPY2401608,5.14825,43.319766665,2024-06-05,28,0,60,17.290002441406273,NA,NA,2276,4.110873864173311,5.14825.43.319767,2024-06-05,5
SPY2401609,5.14825,43.319766665,2024-06-05,28,0,60,17.290002441406273,NA,NA,2276,4.110873864173311,5.14825.43.319767,2024-06-05,5
SPY2401610,5.087708333,43.3155,2024-06-05,39,1,60,17.290002441406273,NA,NA,2276,4.110873864173311,5.087708.43.3155,2024-06-05,5
SPY2401611,5.087708333,43.3155,2024-06-05,39,1,60,17.290002441406273,NA,NA,2276,4.110873864173311,5.087708.43.3155,2024-06-05,5
SPY2401612,5.0301916665,43.3252,2024-06-05,9,1,60,17.749993896484398,5,43.3125,2276,4.110873864173311,5.030192.43.3252,2024-06-05,5
SPY2401613,5.0301916665,43.3252,2024-06-05,9,1,60,17.749993896484398,5,43.3125,2276,4.110873864173311,5.030192.43.3252,2024-06-05,5
SPY2401614,4.977533333,43.342466665,2024-06-05,43,0,60,17.749993896484398,5,43.3125,2276,4.110873864173311,4.977533.43.342467,2024-06-05,5
SPY2401615,4.977533333,43.342466665,2024-06-05,43,0,60,17.749993896484398,5,43.3125,2276,4.110873864173311,4.977533.43.342467,2024-06-05,5
SPY2401616,4.926495608,43.337868345,2024-06-05,25,0,60,17.689996337890648,4.9375,43.3125,2276,4.110873864173311,4.926496.43.337868,2024-06-05,5
SPY2401617,4.926495608,43.337868345,2024-06-05,25,0,60,17.689996337890648,4.9375,43.3125,2276,4.110873864173311,4.926496.43.337868,2024-06-05,5
SPY2401618,4.874575,43.321933335,2024-06-05,20,0,60,17.670007324218773,4.875,43.3125,2276,4.110873864173311,4.874575.43.321933,2024-06-05,5
SPY2401619,4.874575,43.321933335,2024-06-05,20,0,60,17.670007324218773,4.875,43.3125,2276,4.110873864173311,4.874575.43.321933,2024-06-05,5
SPY2401620,4.8197333335,43.32244167,2024-06-05,13,0,60,17.719995117187523,4.8125,43.3125,2276,4.110873864173311,4.819733.43.322442,2024-06-05,2
SPY2401621,4.8197333335,43.32244167,2024-06-05,13,0,60,17.719995117187523,4.8125,43.3125,2276,4.110873864173311,4.819733.43.322442,2024-06-05,2
SPY2401622,4.7626333335,43.324825,2024-06-05,19,0,60,17.739984130859398,4.75,43.3125,2276,4.110873864173311,4.762633.43.324825,2024-06-05,2
SPY2401623,4.7626333335,43.324825,2024-06-05,19,0,60,17.739984130859398,4.75,43.3125,2276,4.110873864173311,4.762633.43.324825,2024-06-05,2
SPY2401624,4.705608333500001,43.318875,2024-06-05,14,0,60,17.719995117187523,NA,NA,2276,4.110873864173311,4.705608.43.318875,2024-06-05,3
SPY2401625,4.705608333500001,43.318875,2024-06-05,14,0,60,17.719995117187523,NA,NA,2276,4.110873864173311,4.705608.43.318875,2024-06-05,3
SPY2401626,4.6491583335,43.320908335,2024-06-05,12,0,60,17.749993896484398,NA,NA,2276,4.110873864173311,4.649158.43.320908,2024-06-05,3
SPY2401627,4.6491583335,43.320908335,2024-06-05,12,0,60,17.749993896484398,NA,NA,2276,4.110873864173311,4.649158.43.320908,2024-06-05,3
SPY2401628,4.5939583335,43.33541667,2024-06-05,15,0,60,17.749993896484398,NA,NA,2276,4.110873864173311,4.593958.43.335417,2024-06-05,3
SPY2401629,4.5939583335,43.33541667,2024-06-05,15,0,60,17.749993896484398,NA,NA,2276,4.110873864173311,4.593958.43.335417,2024-06-05,3
SPY2401630,4.5549875,43.371169165,2024-06-06,3,0,60,19.269982910156273,NA,NA,2277,4.110873864173311,4.554988.43.371169,2024-06-06,3
SPY2401631,4.5549875,43.371169165,2024-06-06,3,0,60,19.269982910156273,NA,NA,2277,4.110873864173311,4.554988.43.371169,2024-06-06,3
SPY2401632,4.532825,43.41364167,2024-06-06,12,0,60,19.159997558593773,NA,NA,2277,4.110873864173311,4.532825.43.413642,2024-06-06,4
SPY2401633,4.532825,43.41364167,2024-06-06,12,0,60,19.159997558593773,NA,NA,2277,4.110873864173311,4.532825.43.413642,2024-06-06,4
SPY2401634,4.491408333,43.429583335,2024-06-06,12,0,60,19.159997558593773,NA,NA,2277,4.110873864173311,4.491408.43.429583,2024-06-06,4
SPY2401635,4.491408333,43.429583335,2024-06-06,12,0,60,19.159997558593773,NA,NA,2277,4.110873864173311,4.491408.43.429583,2024-06-06,4
SPY2401636,4.4304749999999995,43.426233335,2024-06-06,12,0,60,19.2399841308594,NA,NA,2277,4.110873864173311,4.430475.43.426233,2024-06-06,4
SPY2401637,4.4304749999999995,43.426233335,2024-06-06,12,0,60,19.2399841308594,NA,NA,2277,4.110873864173311,4.430475.43.426233,2024-06-06,4
SPY2401638,4.37045,43.42445833,2024-06-06,13,0,60,19.219995117187523,NA,NA,2277,4.110873864173311,4.37045.43.424458,2024-06-06,4
SPY2401639,4.37045,43.42445833,2024-06-06,13,0,60,19.219995117187523,NA,NA,2277,4.110873864173311,4.37045.43.424458,2024-06-06,4
SPY2401640,4.3141333335,43.428075,2024-06-06,14,0,60,19.189996337890648,NA,NA,2277,4.110873864173311,4.314133.43.428075,2024-06-06,4
SPY2401641,4.3141333335,43.428075,2024-06-06,14,0,60,19.189996337890648,NA,NA,2277,4.110873864173311,4.314133.43.428075,2024-06-06,4
SPY2401642,4.2525416665,43.434425000000005,2024-06-06,13,0,60,19.189996337890648,NA,NA,2277,4.110873864173311,4.252542.43.434425,2024-06-06,4
SPY2401643,4.2525416665,43.434425000000005,2024-06-06,13,0,60,19.189996337890648,NA,NA,2277,4.110873864173311,4.252542.43.434425,2024-06-06,4
SPY2401644,4.1887916665,43.44609167,2024-06-06,12,0,60,18.7600036621094,4.1875,43.4375,2277,4.110873864173311,4.188792.43.446092,2024-06-06,4
SPY2401645,4.1887916665,43.44609167,2024-06-06,12,0,60,18.7600036621094,4.1875,43.4375,2277,4.110873864173311,4.188792.43.446092,2024-06-06,4
SPY2401646,4.133883333,43.464924999999994,2024-06-06,13,0,60,18.659997558593773,4.125,43.4375,2277,4.110873864173311,4.133883.43.464925,2024-06-06,4
SPY2401647,4.133883333,43.464924999999994,2024-06-06,13,0,60,18.659997558593773,4.125,43.4375,2277,4.110873864173311,4.133883.43.464925,2024-06-06,4
SPY2401648,4.0973833335,43.497683335000005,2024-06-06,12,0,60,18.589990234375023,4.0625,43.5,2277,4.110873864173311,4.097383.43.497683,2024-06-06,4
SPY2401649,4.0973833335,43.497683335000005,2024-06-06,12,0,60,18.589990234375023,4.0625,43.5,2277,4.110873864173311,4.097383.43.497683,2024-06-06,4
SPY2401650,4.0565491665,43.517961670000005,2024-06-06,16,0,60,18.589990234375023,4.0625,43.5,2277,4.110873864173311,4.056549.43.517962,2024-06-06,4
SPY2401651,4.0565491665,43.517961670000005,2024-06-06,16,0,60,18.589990234375023,4.0625,43.5,2277,4.110873864173311,4.056549.43.517962,2024-06-06,4
SPY2401652,3.9988825,43.508675,2024-06-07,20,0,60,18.779992675781273,NA,NA,2278,4.110873864173311,3.998882.43.508675,2024-06-07,4
SPY2401653,3.9988825,43.508675,2024-06-07,20,0,60,18.779992675781273,NA,NA,2278,4.110873864173311,3.998882.43.508675,2024-06-07,4
SPY2401654,3.9355333335,43.49754167,2024-06-07,17,0,60,18.779992675781273,NA,NA,2278,4.110873864173311,3.935533.43.497542,2024-06-07,4
SPY2401655,3.9355333335,43.49754167,2024-06-07,17,0,60,18.529992675781273,NA,NA,2278,4.110873864173311,3.935533.43.497542,2024-06-07,4
SPY2401656,3.88535,43.471666670000005,2024-06-07,15,0,60,18.529992675781273,NA,NA,2278,4.110873864173311,3.88535.43.471667,2024-06-07,4
SPY2401657,3.88535,43.471666670000005,2024-06-07,15,0,60,18.399987792968773,3.875,43.5,2278,4.110873864173311,3.88535.43.471667,2024-06-07,4
SPY2401658,3.8453916665,43.436925,2024-06-07,10,0,60,18.350000000000023,3.875,43.4375,2278,4.110873864173311,3.845392.43.436925,2024-06-07,4
SPY2401659,3.8453916665,43.436925,2024-06-07,10,0,60,18.429986572265648,NA,NA,2278,4.110873864173311,3.845392.43.436925,2024-06-07,4
SPY2401660,3.80105,43.40841667,2024-06-07,15,0,60,18.429986572265648,NA,NA,2278,4.110873864173311,3.80105.43.408417,2024-06-07,4
SPY2401661,3.80105,43.40841667,2024-06-07,15,0,60,18.369989013671898,NA,NA,2278,4.110873864173311,3.80105.43.408417,2024-06-07,4
SPY2401662,3.7435833335,43.39386667,2024-06-07,17,0,60,18.129998779296898,3.75,43.375,2278,4.110873864173311,3.743583.43.393867,2024-06-07,4
SPY2401663,3.7435833335,43.39386667,2024-06-07,17,0,60,18.129998779296898,3.75,43.375,2278,4.110873864173311,3.743583.43.393867,2024-06-07,4
SPY2401664,3.6880416665,43.37955,2024-06-07,14,0,60,18.159997558593773,3.6875,43.375,2278,4.110873864173311,3.688042.43.37955,2024-06-07,5
SPY2401665,3.6880416665,43.37955,2024-06-07,14,0,60,18.159997558593773,3.6875,43.375,2278,4.110873864173311,3.688042.43.37955,2024-06-07,5
SPY2401666,3.6364833335,43.356108335,2024-06-07,14,0,60,18.350000000000023,NA,NA,2278,4.110873864173311,3.636483.43.356108,2024-06-07,5
SPY2401667,3.6364833335,43.356108335,2024-06-07,14,0,60,18.350000000000023,NA,NA,2278,4.110873864173311,3.636483.43.356108,2024-06-07,5
SPY2401668,3.5910583330000003,43.324366665,2024-06-07,14,0,60,18.369989013671898,NA,NA,2278,4.110873864173311,3.591058.43.324367,2024-06-07,5
SPY2401669,3.5910583330000003,43.324366665,2024-06-07,14,0,60,18.369989013671898,NA,NA,2278,4.110873864173311,3.591058.43.324367,2024-06-07,5
SPY2401670,3.5521666665,43.29046583,2024-06-07,13,0,60,18.399987792968773,NA,NA,2278,4.110873864173311,3.552167.43.290466,2024-06-07,5
SPY2401671,3.5521666665,43.29046583,2024-06-07,13,0,60,18.399987792968773,NA,NA,2278,4.110873864173311,3.552167.43.290466,2024-06-07,5
SPY2401672,3.5428083335,43.235216665,2024-06-07,38,0,60,18.350000000000023,NA,NA,2278,4.110873864173311,3.542808.43.235217,2024-06-07,5
SPY2401673,3.5428083335,43.235216665,2024-06-07,38,0,60,18.350000000000023,NA,NA,2278,4.110873864173311,3.542808.43.235217,2024-06-07,5
SPY2401674,3.4497816665,43.23819917,2024-06-08,17,0,60,18.469995117187523,NA,NA,2279,4.110873864173311,3.449782.43.238199,2024-06-08,5
SPY2401675,3.4497816665,43.23819917,2024-06-08,17,0,60,18.480004882812523,NA,NA,2279,4.110873864173311,3.449782.43.238199,2024-06-08,5
SPY2401676,3.3918825000000004,43.223358335,2024-06-08,22,0,60,18.480004882812523,NA,NA,2279,4.110873864173311,3.391883.43.223358,2024-06-08,1
SPY2401677,3.3918825000000004,43.223358335,2024-06-08,22,0,60,18.170007324218773,3.375,43.25,2279,4.110873864173311,3.391883.43.223358,2024-06-08,1
SPY2401678,3.3307416665,43.218075,2024-06-08,21,0,60,18.350000000000023,3.3125,43.1875,2279,4.110873864173311,3.330742.43.218075,2024-06-08,1
SPY2401679,3.3307416665,43.218075,2024-06-08,21,0,60,18.350000000000023,3.3125,43.1875,2279,4.110873864173311,3.330742.43.218075,2024-06-08,1
SPY2401680,3.273323333,43.204922499999995,2024-06-08,19,0,60,18.549981689453148,3.25,43.1875,2279,4.110873864173311,3.273323.43.204922,2024-06-08,1
SPY2401681,3.273323333,43.204922499999995,2024-06-08,19,0,60,18.549981689453148,3.25,43.1875,2279,4.110873864173311,3.273323.43.204922,2024-06-08,1
SPY2401682,3.222275,43.173991665,2024-06-08,18,0,60,18.549981689453148,3.25,43.1875,2279,4.110873864173311,3.222275.43.173992,2024-06-08,1
SPY2401683,3.222275,43.173991665,2024-06-08,18,0,60,18.540002441406273,NA,NA,2279,4.110873864173311,3.222275.43.173992,2024-06-08,1
SPY2401684,3.175586667,43.138214165,2024-06-08,13,0,60,18.540002441406273,NA,NA,2279,4.110873864173311,3.175587.43.138214,2024-06-08,1
SPY2401685,3.175586667,43.138214165,2024-06-08,13,0,60,18.859979248046898,NA,NA,2279,4.110873864173311,3.175587.43.138214,2024-06-08,1
SPY2401686,3.1364016665000003,43.098290000000006,2024-06-08,10,0,60,18.7600036621094,3.125,43.0625,2279,4.110873864173311,3.136402.43.09829,2024-06-08,1
SPY2401687,3.1364016665000003,43.098290000000006,2024-06-08,10,0,60,18.7600036621094,3.125,43.0625,2279,4.110873864173311,3.136402.43.09829,2024-06-08,1
SPY2401688,3.106075,43.053033330000005,2024-06-08,14,0,60,18.2499938964844,NA,NA,2279,4.110873864173311,3.106075.43.053033,2024-06-08,1
SPY2401689,3.106075,43.053033330000005,2024-06-08,14,0,60,18.2499938964844,NA,NA,2279,4.110873864173311,3.106075.43.053033,2024-06-08,1
SPY2401690,3.0848733335,43.010145835,2024-06-08,14,0,60,18.170007324218773,NA,NA,2279,4.110873864173311,3.084873.43.010146,2024-06-08,1
SPY2401691,3.0848733335,43.010145835,2024-06-08,14,0,60,18.170007324218773,NA,NA,2279,4.110873864173311,3.084873.43.010146,2024-06-08,1
SPY2401692,3.0720416664999997,42.96625,2024-06-08,18,0,60,18.350000000000023,NA,NA,2279,4.110873864173311,3.072042.42.96625,2024-06-08,2
SPY2401693,3.0720416664999997,42.96625,2024-06-08,18,0,60,18.350000000000023,NA,NA,2279,4.110873864173311,3.072042.42.96625,2024-06-08,2
SPY2401694,3.0686,42.91910833,2024-06-08,16,0,60,18.549981689453148,NA,NA,2279,4.110873864173311,3.0686.42.919108,2024-06-08,2
SPY2401695,3.0686,42.91910833,2024-06-08,16,0,60,18.549981689453148,NA,NA,2279,4.110873864173311,3.0686.42.919108,2024-06-08,2
SPY2401696,3.0658333335,42.870233334999995,2024-06-09,15,0,60,18.850000000000023,3.0625,42.875,2280,4.110873864173311,3.065833.42.870233,2024-06-09,2
SPY2401697,3.0658333335,42.870233334999995,2024-06-09,15,0,60,18.850000000000023,3.0625,42.875,2280,4.110873864173311,3.065833.42.870233,2024-06-09,2
SPY2401698,3.0580583335,42.829516665,2024-06-09,13,0,60,18.109979248046898,NA,NA,2280,4.110873864173311,3.058058.42.829517,2024-06-09,2
SPY2401699,3.0580583335,42.829516665,2024-06-09,13,0,60,18.109979248046898,NA,NA,2280,4.110873864173311,3.058058.42.829517,2024-06-09,2
SPY2401700,3.05345,42.789325000000005,2024-06-09,13,0,60,19.059991455078148,3.0625,42.8125,2280,4.110873864173311,3.05345.42.789325,2024-06-09,2
SPY2401701,3.05345,42.789325000000005,2024-06-09,13,0,60,19.059991455078148,3.0625,42.8125,2280,4.110873864173311,3.05345.42.789325,2024-06-09,2
SPY2401702,3.053283333,42.743725,2024-06-09,16,0,60,18.640008544921898,NA,NA,2280,4.110873864173311,3.053283.42.743725,2024-06-09,2
SPY2401703,3.053283333,42.743725,2024-06-09,16,0,60,18.640008544921898,NA,NA,2280,4.110873864173311,3.053283.42.743725,2024-06-09,2
SPY2401704,3.0523,42.698333335,2024-06-09,15,0,60,18.640008544921898,NA,NA,2280,4.110873864173311,3.0523.42.698333,2024-06-09,2
SPY2401705,3.0523,42.698333335,2024-06-09,15,0,60,18.640008544921898,NA,NA,2280,4.110873864173311,3.0523.42.698333,2024-06-09,2
SPY2401706,3.05025,42.65436667,2024-06-09,16,0,60,19.640008544921898,NA,NA,2280,4.110873864173311,3.05025.42.654367,2024-06-09,2
SPY2401707,3.05025,42.65436667,2024-06-09,16,0,60,19.640008544921898,NA,NA,2280,4.110873864173311,3.05025.42.654367,2024-06-09,2
SPY2401708,3.054091667,42.607158334999994,2024-06-09,13,0,60,19.5100036621094,3.0625,42.625,2280,4.110873864173311,3.054092.42.607158,2024-06-09,2
SPY2401709,3.054091667,42.607158334999994,2024-06-09,13,0,60,19.5100036621094,3.0625,42.625,2280,4.110873864173311,3.054092.42.607158,2024-06-09,2
SPY2401710,3.07195,42.56176667,2024-06-09,23,0,60,18.850000000000023,NA,NA,2280,4.110873864173311,3.07195.42.561767,2024-06-09,2
SPY2401711,3.07195,42.56176667,2024-06-09,23,0,60,18.850000000000023,NA,NA,2280,4.110873864173311,3.07195.42.561767,2024-06-09,2
SPY2401949,6.6845,43.2856,2025-05-28,39,0,30,20.170007324218773,6.6875,43.25,2633,3.4339872044851463,6.6845.43.2856,2025-05-28,2
SPY2401950,6.671583333,43.30693333,2025-05-27,16,0,30,19.339990234375023,6.75,43.3125,2632,3.4339872044851463,6.671583.43.306933,2025-05-27,2
SPY2401951,6.72395,43.35548333,2025-05-27,29,0,30,19.320001220703148,6.75,43.375,2632,3.4339872044851463,6.72395.43.355483,2025-05-27,1
SPY2401952,6.775116667,43.40815,2025-05-27,39,0,30,19.320001220703148,6.75,43.375,2632,3.4339872044851463,6.775117.43.40815,2025-05-27,1
SPY2401953,6.774283333,43.40588333,2025-05-26,33,0,30,18.829980468750023,NA,NA,2631,3.4339872044851463,6.774283.43.405883,2025-05-26,1
SPY2401954,6.6845,43.2856,2025-05-28,39,0,30,20.170007324218773,6.6875,43.25,2633,3.4339872044851463,6.6845.43.2856,2025-05-28,2
SPY2401955,5.28838333,43.2689333,2024-05-18,39,0,30,18.079980468750023,5.3125,43.25,2258,3.4339872044851463,5.288383.43.268933,2024-05-18,4
SPY2401957,3.18115,42.4415,2024-06-08,36,0,30,18.549981689453148,NA,NA,2279,3.4339872044851463,3.18115.42.4415,2024-06-08,5
SPY2401958,5.83983333,43.0467,2024-05-13,12,0,30,18.2600036621094,NA,NA,2253,3.4339872044851463,5.839833.43.0467,2024-05-13,2
SPY2401959,3.96405,43.51835,2024-06-07,11,0,30,18.329980468750023,NA,NA,2278,3.4339872044851463,3.96405.43.51835,2024-06-07,4
SPY2401960,5.37291667,43.1944833,2024-05-17,29,0,30,17.299981689453148,5.375,43.1875,2257,3.4339872044851463,5.372917.43.194483,2024-05-17,4
SPY2401961,5.54325,43.20245,2024-05-16,17,0,30,17.070001220703148,5.5,43.1875,2256,3.4339872044851463,5.54325.43.20245,2024-05-16,4
SPY2401962,5.86151667,43.0423167,2024-05-13,16,0,30,18.2600036621094,NA,NA,2253,3.4339872044851463,5.861517.43.042317,2024-05-13,2
SPY2401963,5.86151667,43.0423167,2024-05-13,16,0,30,18.2600036621094,NA,NA,2253,3.4339872044851463,5.861517.43.042317,2024-05-13,2
SPY2401964,5.37291667,43.1944833,2024-05-17,29,0,30,17.980004882812523,NA,NA,2257,3.4339872044851463,5.372917.43.194483,2024-05-17,4
SPY2401965,5.54325,43.20245,2024-05-16,17,0,30,17.070001220703148,5.5,43.1875,2256,3.4339872044851463,5.54325.43.20245,2024-05-16,4
SPY2401966,5.66438333,43.1786833,2024-05-15,17,0,30,17.100000000000023,5.6875,43.125,2255,3.4339872044851463,5.664383.43.178683,2024-05-15,4
SPY2401967,5.66438333,43.1786833,2024-05-15,17,0,30,17.799981689453148,NA,NA,2255,3.4339872044851463,5.664383.43.178683,2024-05-15,4
SPY2401968,6.671583333,43.30693333,2025-05-27,16,0,30,19.339990234375023,6.75,43.3125,2632,3.4339872044851463,6.671583.43.306933,2025-05-27,2
SPY2401969,6.72395,43.35548333,2025-05-27,29,0,30,19.320001220703148,6.75,43.375,2632,3.4339872044851463,6.72395.43.355483,2025-05-27,1
SPY2401970,6.775116667,43.40815,2025-05-27,39,0,30,19.320001220703148,6.75,43.375,2632,3.4339872044851463,6.775117.43.40815,2025-05-27,1
SPY2401971,6.774283333,43.40588333,2025-05-26,33,0,30,19.0100036621094,NA,NA,2631,3.4339872044851463,6.774283.43.405883,2025-05-26,1
SPY2401972,6.60635,43.16731667,2025-05-29,16,0,30,19.899987792968773,6.625,43.125,2634,3.4339872044851463,6.60635.43.167317,2025-05-29,2
SPY2401973,6.60635,43.16731667,2025-05-29,16,0,30,17.489984130859398,NA,NA,2634,3.4339872044851463,6.60635.43.167317,2025-05-29,2
SPY2401974,6.6319,43.15381667,2025-05-29,66,0,30,19.899987792968773,6.625,43.125,2634,3.4339872044851463,6.6319.43.153817,2025-05-29,2
SPY2401975,6.6319,43.15381667,2025-05-29,66,0,30,19.899987792968773,6.625,43.125,2634,3.4339872044851463,6.6319.43.153817,2025-05-29,2
SPY2401976,6.619766667,43.15121667,2025-05-30,80,0,30,19.890008544921898,6.625,43.125,2635,3.4339872044851463,6.619767.43.151217,2025-05-30,2
SPY2401977,6.619766667,43.15121667,2025-05-30,80,0,30,19.890008544921898,6.625,43.125,2635,3.4339872044851463,6.619767.43.151217,2025-05-30,2
SPY2401978,6.314416667,43.09331667,2025-05-30,16,0,30,19.7600036621094,6.5,43.0625,2635,3.4339872044851463,6.314417.43.093317,2025-05-30,3
SPY2401979,6.314416667,43.09331667,2025-05-30,16,0,30,20.299981689453148,NA,NA,2635,3.4339872044851463,6.314417.43.093317,2025-05-30,3
SPY2401982,6.0157,43.08426667,2025-06-05,19,0,30,21.279992675781273,NA,NA,2641,3.4339872044851463,6.0157.43.084267,2025-06-05,2
SPY2401983,6.0157,43.08426667,2025-06-05,19,0,30,21.279992675781273,NA,NA,2641,3.4339872044851463,6.0157.43.084267,2025-06-05,2
SPY2401984,6.094483333,43.03326667,2025-06-06,28,0,30,21.159997558593773,6.125,43,2642,3.4339872044851463,6.094483.43.033267,2025-06-06,2
SPY2401985,6.094483333,43.03326667,2025-06-06,28,0,30,21.159997558593773,6.125,43,2642,3.4339872044851463,6.094483.43.033267,2025-06-06,2
SPY2401986,6.1329,43.01636667,2025-06-06,56,0,30,21.159997558593773,6.125,43,2642,3.4339872044851463,6.1329.43.016367,2025-06-06,2
SPY2401987,6.1329,43.01636667,2025-06-06,56,0,30,21.159997558593773,6.125,43,2642,3.4339872044851463,6.1329.43.016367,2025-06-06,2
SPY2401988,6.403316667,43.10405,2025-06-07,53,0,30,21.200006103515648,6.5,43.125,2643,3.4339872044851463,6.403317.43.10405,2025-06-07,3
SPY2401989,6.403316667,43.10405,2025-06-07,53,0,30,21.200006103515648,6.5,43.125,2643,3.4339872044851463,6.403317.43.10405,2025-06-07,3
SPY2401990,7.449616667,43.75291667,2025-05-12,9,1,30,17.980004882812523,NA,NA,2617,3.4339872044851463,7.449617.43.752917,2025-05-12,2
SPY2401991,7.449616667,43.75291667,2025-05-12,9,1,30,17.980004882812523,NA,NA,2617,3.4339872044851463,7.449617.43.752917,2025-05-12,2
SPY2402005,7.475533333,43.74603333,2025-06-13,37,0,30,21.149987792968773,NA,NA,2649,3.4339872044851463,7.475533.43.746033,2025-06-13,2
SPY2402006,7.475533333,43.74603333,2025-06-13,37,0,30,22.390008544921898,7.5,43.75,2649,3.4339872044851463,7.475533.43.746033,2025-06-13,2
SPY2402007,7.297083333,43.68558333,2025-06-16,30,0,30,23.920007324218773,NA,NA,2652,3.4339872044851463,7.297083.43.685583,2025-06-16,3
SPY2402008,7.297083333,43.68558333,2025-06-16,30,0,30,23.920007324218773,NA,NA,2652,3.4339872044851463,7.297083.43.685583,2025-06-16,3
SPY2402009,7.3001,43.6833,2025-06-17,174,0,30,23.890008544921898,NA,NA,2653,3.4339872044851463,7.3001.43.6833,2025-06-17,2
SPY2402010,7.3001,43.6833,2025-06-17,174,0,30,23.950006103515648,7.375,43.6875,2653,3.4339872044851463,7.3001.43.6833,2025-06-17,2
SPY2402011,7.300966667,43.68366667,2025-06-17,28,0,30,23.950006103515648,7.375,43.6875,2653,3.4339872044851463,7.300967.43.683667,2025-06-17,2
SPY2402012,7.300966667,43.68366667,2025-06-17,28,0,30,23.950006103515648,7.375,43.6875,2653,3.4339872044851463,7.300967.43.683667,2025-06-17,2
SPY2402013,6.920566667,43.4404,2025-06-09,78,0,30,21.659997558593773,NA,NA,2645,3.4339872044851463,6.920567.43.4404,2025-06-09,1
SPY2402014,6.920566667,43.4404,2025-06-09,78,0,30,21.659997558593773,NA,NA,2645,3.4339872044851463,6.920567.43.4404,2025-06-09,1
SPY2402015,3.13318333,42.5022833,2024-06-07,9,0,30,18.329980468750023,NA,NA,2278,3.4339872044851463,3.133183.42.502283,2024-06-07,5
SPY2402016,3.13318333,42.5022833,2024-06-07,9,0,30,18.129998779296898,NA,NA,2278,3.4339872044851463,3.133183.42.502283,2024-06-07,5
SPY2402017,5.08936667,43.3104167,2024-05-19,48,0,30,17.739984130859398,5.0625,43.3125,2259,3.4339872044851463,5.089367.43.310417,2024-05-19,5
SPY2402018,3.18115,42.4415,2024-06-08,36,0,30,18.549981689453148,NA,NA,2279,3.4339872044851463,3.18115.42.4415,2024-06-08,5
SPY2402019,5.62403333,43.1542,2024-05-16,46,0,30,17.010003662109398,5.625,43.125,2256,3.4339872044851463,5.624033.43.1542,2024-05-16,4
SPY2402020,5.28838333,43.2689333,2024-05-18,39,0,30,18.100000000000023,NA,NA,2258,3.4339872044851463,5.288383.43.268933,2024-05-18,4
SPY2402021,5.16676667,43.32465,2024-05-19,20,1,30,17.739984130859398,5.1875,43.25,2259,3.4339872044851463,5.166767.43.32465,2024-05-19,4
SPY2402022,5.28431667,43.2807833,2024-05-19,39,0,30,17.799981689453148,NA,NA,2259,3.4339872044851463,5.284317.43.280783,2024-05-19,4
SPY2402023,5.28431667,43.2807833,2024-05-19,39,0,30,17.799981689453148,NA,NA,2259,3.4339872044851463,5.284317.43.280783,2024-05-19,4
SPY2402024,5.62403333,43.1542,2024-05-16,46,0,30,17.010003662109398,5.625,43.125,2256,3.4339872044851463,5.624033.43.1542,2024-05-16,4
SPY2402025,5.16676667,43.32465,2024-05-19,20,1,30,17.760003662109398,NA,NA,2259,3.4339872044851463,5.166767.43.32465,2024-05-19,4
SPY2402026,5.08936667,43.3104167,2024-05-19,48,0,30,17.760003662109398,NA,NA,2259,3.4339872044851463,5.089367.43.310417,2024-05-19,5
SPY2402027,5.83983333,43.0467,2024-05-13,12,0,30,18.2600036621094,NA,NA,2253,3.4339872044851463,5.839833.43.0467,2024-05-13,2
SPY2402028,6.9255,43.45278333,2025-06-09,8,1,30,22.140008544921898,6.9375,43.4375,2645,3.4339872044851463,6.9255.43.452783,2025-06-09,1
SPY2402029,6.9255,43.45278333,2025-06-09,8,1,30,22.140008544921898,6.9375,43.4375,2645,3.4339872044851463,6.9255.43.452783,2025-06-09,1
SPY2402030,6.0072,43.08168333,2025-06-05,38,0,30,21.9899841308594,NA,NA,2641,3.4339872044851463,6.0072.43.081683,2025-06-05,2
SPY2402031,6.0072,43.08168333,2025-06-05,38,0,30,21.9899841308594,NA,NA,2641,3.4339872044851463,6.0072.43.081683,2025-06-05,2
SPY2402032,6.9323,43.4452,2025-06-10,56,1,30,22.059991455078148,6.9375,43.4375,2646,3.4339872044851463,6.9323.43.4452,2025-06-10,1
SPY2402033,6.9323,43.4452,2025-06-10,56,1,30,22.059991455078148,6.9375,43.4375,2646,3.4339872044851463,6.9323.43.4452,2025-06-10,1
SPY2402034,7.121416667,43.53835,2025-06-10,24,0,30,21.619989013671898,NA,NA,2646,3.4339872044851463,7.121417.43.53835,2025-06-10,1
SPY2402035,7.121416667,43.53835,2025-06-10,24,0,30,21.619989013671898,NA,NA,2646,3.4339872044851463,7.121417.43.53835,2025-06-10,1
SPY2402036,7.1425,43.55691667,2025-06-10,26,0,30,21.619989013671898,NA,NA,2646,3.4339872044851463,7.1425.43.556917,2025-06-10,1
SPY2402037,7.1425,43.55691667,2025-06-10,26,0,30,21.619989013671898,NA,NA,2646,3.4339872044851463,7.1425.43.556917,2025-06-10,1
SPY2402038,7.17255,43.5561,2025-06-11,75,0,30,21.850000000000023,NA,NA,2647,3.4339872044851463,7.17255.43.5561,2025-06-11,1
SPY2402039,7.17255,43.5561,2025-06-11,75,0,30,21.850000000000023,NA,NA,2647,3.4339872044851463,7.17255.43.5561,2025-06-11,1
SPY2402040,7.114083333,43.55123333,2025-06-11,16,0,30,22.209985351562523,7.125,43.5,2647,3.4339872044851463,7.114083.43.551233,2025-06-11,1
SPY2402041,7.114083333,43.55123333,2025-06-11,16,0,30,22.209985351562523,7.125,43.5,2647,3.4339872044851463,7.114083.43.551233,2025-06-11,1
SPY2402042,7.354233333,43.71615,2025-06-12,19,0,30,22.040002441406273,NA,NA,2648,3.4339872044851463,7.354233.43.71615,2025-06-12,2
SPY2402043,7.354233333,43.71615,2025-05-12,19,0,30,17.980004882812523,NA,NA,2617,3.4339872044851463,7.354233.43.71615,2025-05-12,2
SPY2402591,3.7688588,43.4298712,2024-07-17,1,0,30,22.679986572265648,3.8125,43.4375,2318,3.4339872044851463,3.768859.43.429871,2024-07-17,4
SPY2402592,3.0969499999999996,43.108355,2024-07-08,7,0,30.3,20.619989013671898,3.125,43.0625,2309,3.4436180975461075,3.09695.43.108355,2024-07-08,1
SPY2402593,7.010193,42.923565999999994,2024-06-18,2536,0,60,19.629998779296898,NA,NA,2289,4.110873864173311,7.010193.42.923566,2024-06-18,2
SPY2402594,3.0696700000000003,43.007225,2024-07-09,6,0,30.26,24.309991455078148,NA,NA,2310,3.4423393249933305,3.06967.43.007225,2024-07-09,1
SPY2402595,3.04211,42.69884,2024-07-05,6,0,30.46,21.480004882812523,3.0625,42.6875,2306,3.4487168976301317,3.04211.42.69884,2024-07-05,2
SPY2402596,4.080725,43.556515,2024-07-11,2,0,32.7,22.019982910156273,4.0625,43.5,2312,3.517497837358316,4.080725.43.556515,2024-07-11,4
SPY2402597,3.10908,43.087425,2024-07-08,3,0,30.36,20.619989013671898,3.125,43.0625,2309,3.445533195482207,3.10908.43.087425,2024-07-08,1
SPY2402598,7.094616,43.5497885,2024-07-30,16,0,30,27.909997558593773,7.125,43.5,2331,3.4339872044851463,7.094616.43.549788,2024-07-30,1
SPY2402600,6.934576,43.472207999999995,2024-07-30,31,1,30,27.559991455078148,6.9375,43.4375,2331,3.4339872044851463,6.934576.43.472208,2024-07-30,1
SPY2402601,7.793680999999999,43.3675635,2024-06-19,2336,0,60,19.9999938964844,NA,NA,2290,4.110873864173311,7.793681.43.367564,2024-06-19,4
SPY2402602,4.8098583,43.3876126,2024-07-05,3,0,29.82,19.7499938964844,4.8125,43.3125,2306,3.42816382989197,4.809858.43.387613,2024-07-05,2
SPY2402603,3.04211,42.69884,2024-07-05,6,0,30.48,21.480004882812523,3.0625,42.6875,2306,3.4493524235492026,3.04211.42.69884,2024-07-05,2
SPY2402604,5.04893115,43.4052614,2024-07-05,7,0,30,19.9899841308594,5.0625,43.3125,2306,3.4339872044851463,5.048931.43.405261,2024-07-05,4
SPY2402605,7.5207395,43.773157,2024-06-27,20,0,30,22.049981689453148,7.5,43.75,2298,3.4339872044851463,7.52074.43.773157,2024-06-27,2
SPY2402606,3.04383,43.02312499999999,2024-07-09,4,0,30.43,24.309991455078148,NA,NA,2310,3.447762850809476,3.04383.43.023125,2024-07-09,1
SPY2402607,3.0696700000000003,43.007225,2024-07-09,6,0,30.25,21.4999938964844,3.125,43,2310,3.4420193761824107,3.06967.43.007225,2024-07-09,1
SPY2402608,3.963095,43.5364633,2024-07-18,4,0,30.95,22.939996337890648,3.9375,43.5,2319,3.4641721808235437,3.963095.43.536463,2024-07-18,4
SPY2402609,5.04893115,43.4052614,2024-07-05,7,0,29.5,19.9899841308594,5.0625,43.3125,2306,3.417726683613366,5.048931.43.405261,2024-07-05,4
SPY2402610,3.0249249999999996,42.66264,2024-07-05,1,0,30.4,21.480004882812523,3.0625,42.6875,2306,3.4468078929142076,3.024925.42.66264,2024-07-05,2
SPY2402611,7.5215645,43.7735045,2024-06-27,26,0,30,22.049981689453148,7.5,43.75,2298,3.4339872044851463,7.521565.43.773504,2024-06-27,2
SPY2402612,4.1091,43.544015,2024-07-11,5,0,30,22.600000000000023,NA,NA,2312,3.4339872044851463,4.1091.43.544015,2024-07-11,4
SPY2402613,7.293523,42.553056999999995,2024-06-18,2708,0,60,19.629998779296898,NA,NA,2289,4.110873864173311,7.293523.42.553057,2024-06-18,1
SPY2402614,7.125970000000001,43.585565,2024-06-26,1,0,30,22.070001220703148,NA,NA,2297,3.4339872044851463,7.12597.43.585565,2024-06-26,1
SPY2402616,3.9721983335,43.5449225,2024-07-18,3,0,30.32,22.950006103515648,4,43.5,2319,3.4442568711226023,3.972198.43.544922,2024-07-18,4
SPY2402617,7.606183,42.168805,2024-06-18,2769,0,60,19.670007324218773,NA,NA,2289,4.110873864173311,7.606183.42.168805,2024-06-18,4
SPY2402618,8.3651625,41.940071,2024-06-18,1580,0,60,19.670007324218773,NA,NA,2289,4.110873864173311,8.365162.41.940071,2024-06-18,3
SPY2402619,3.0249249999999996,42.66264,2024-07-05,1,0,30.24,21.480004882812523,3.0625,42.6875,2306,3.441699324971485,3.024925.42.66264,2024-07-05,2
SPY2402620,4.1265,43.51888,2024-07-11,3,0,37.2,22.019982910156273,4.0625,43.5,2312,3.6428355156125294,4.1265.43.51888,2024-07-11,4
SPY2402621,4.1091,43.544015,2024-07-11,5,0,30,22.600000000000023,NA,NA,2312,3.4339872044851463,4.1091.43.544015,2024-07-11,4
SPY2402622,3.7688588,43.4298712,2024-07-17,1,0,30,22.679986572265648,3.8125,43.4375,2318,3.4339872044851463,3.768859.43.429871,2024-07-17,4
SPY2402623,3.0969499999999996,43.108355,2024-07-08,7,0,30.18,20.619989013671898,3.125,43.0625,2309,3.43977686362963,3.09695.43.108355,2024-07-08,1
SPY2402624,3.10908,43.087425,2024-07-08,3,0,30.98,20.619989013671898,3.125,43.0625,2309,3.4651107074058083,3.10908.43.087425,2024-07-08,1
SPY2402625,8.096577,42.315693,2024-06-19,2738,0,60,19.890008544921898,NA,NA,2290,4.110873864173311,8.096577.42.315693,2024-06-19,3
SPY2402626,6.774604999999999,43.438485,2024-06-26,15,0,30,20.980004882812523,NA,NA,2297,3.4339872044851463,6.774605.43.438485,2024-06-26,1
SPY2402627,7.8613865,41.8975255,2024-06-18,2777,0,60,19.659997558593773,NA,NA,2289,4.110873864173311,7.861386.41.897526,2024-06-18,4
SPY2402628,3.963095,43.5364633,2024-07-18,4,0,30.74,22.939996337890648,3.9375,43.5,2319,3.457577715098263,3.963095.43.536463,2024-07-18,4
SPY2402629,3.9721983335,43.5449225,2024-07-18,3,0,31.18,21.950006103515648,NA,NA,2319,3.471345141564237,3.972198.43.544922,2024-07-18,4
SPY2402630,3.04383,43.02312499999999,2024-07-09,4,0,30.42,21.4999938964844,3.125,43,2310,3.4474446328274753,3.04383.43.023125,2024-07-09,1
SPY2402631,4.9503734999999995,43.39135,2024-08-04,17,0,30,28.469995117187523,NA,NA,2336,3.4339872044851463,4.950373.43.39135,2024-08-04,2
SPY2402632,6.6757124999999995,43.192618,2024-07-31,21,0,30,27.420007324218773,6.6875,43.1875,2332,3.4339872044851463,6.675712.43.192618,2024-07-31,2
SPY2402634,5.6633595,43.178058500000006,2024-08-02,17,0,30,26.700006103515648,5.6875,43.125,2334,3.4339872044851463,5.66336.43.178059,2024-08-02,4
SPY2402635,6.156207,43.0169675,2024-08-01,24,0,30,26.540002441406273,6.125,43,2333,3.4339872044851463,6.156207.43.016968,2024-08-01,3
SPY2402636,4.8247235,43.319355,2024-08-05,17,0,30,24.390008544921898,4.8125,43.3125,2337,3.4339872044851463,4.824724.43.319355,2024-08-05,2
SPY2402637,3.1361809999999997,42.496224999999995,2024-06-24,16,0,30,20.170007324218773,3.1875,42.5,2295,3.4339872044851463,3.136181.42.496225,2024-06-24,5
SPY2402639,7.095337499999999,43.54982,2024-07-30,16,0,30,27.909997558593773,7.125,43.5,2331,3.4339872044851463,7.095337.43.54982,2024-07-30,1
SPY2402640,6.728977,43.2583165,2024-07-31,15,0,30,27.600000000000023,6.75,43.25,2332,3.4339872044851463,6.728977.43.258316,2024-07-31,2
SPY2402641,6.6760645,43.192702999999995,2024-07-31,21,0,30,27.420007324218773,6.6875,43.1875,2332,3.4339872044851463,6.676064.43.192703,2024-07-31,2
SPY2402642,7.226652,43.65558,2024-07-29,12,0,30,27.540002441406273,7.25,43.625,2330,3.4339872044851463,7.226652.43.65558,2024-07-29,1
SPY2402643,6.200900000000001,43.058678,2024-08-01,19,0,30,26.540002441406273,6.125,43,2333,3.4339872044851463,6.2009.43.058678,2024-08-01,3
SPY2402644,6.8063445,43.409053,2024-07-30,10,0,30,27.219995117187523,6.8125,43.375,2331,3.4339872044851463,6.806344.43.409053,2024-07-30,1
SPY2402645,3.1310575,42.507725,2024-06-24,11,0,30,20.170007324218773,3.1875,42.5,2295,3.4339872044851463,3.131057.42.507725,2024-06-24,5
SPY2402646,7.870606,42.5958555,2024-06-19,2724,0,60,19.890008544921898,NA,NA,2290,4.110873864173311,7.870606.42.595856,2024-06-19,1
SPY2402647,4.825165500000001,43.319207,2024-08-05,14,0,30,24.390008544921898,4.8125,43.3125,2337,3.4339872044851463,4.825166.43.319207,2024-08-05,2
SPY2402648,4.9501100000000005,43.3913285,2024-08-04,17,0,30,28.469995117187523,NA,NA,2336,3.4339872044851463,4.95011.43.391328,2024-08-04,2
SPY2402650,7.226940000000001,43.6558965,2024-07-29,12,0,30,22.809991455078148,NA,NA,2330,3.4339872044851463,7.22694.43.655896,2024-07-29,1
SPY2402651,7.1372745,43.618814,2024-07-29,24,0,30,27.439996337890648,7.1875,43.625,2330,3.4339872044851463,7.137275.43.618814,2024-07-29,1
SPY2402653,6.296253500000001,42.746067,2024-06-20,2488,0,60,20.230004882812523,6.3125,42.75,2291,4.110873864173311,6.296254.42.746067,2024-06-20,2
SPY2402654,7.965142999999999,43.1696305,2024-06-19,2597,0,60,20.279992675781273,7.9375,43.1875,2290,4.110873864173311,7.965143.43.16963,2024-06-19,3
SPY2402656,6.2011725,43.0593975,2024-08-01,19,0,30,26.540002441406273,6.125,43,2333,3.4339872044851463,6.201173.43.059398,2024-08-01,3
SPY2402657,4.560271,43.3521505,2024-08-05,17,0,30,23.299981689453148,4.5625,43.3125,2337,3.4339872044851463,4.560271.43.35215,2024-08-05,3
SPY2402658,4.9313225,43.3626525,2024-08-04,20,0,30,25.469995117187523,4.9375,43.3125,2336,3.4339872044851463,4.931323.43.362653,2024-08-04,2
SPY2402659,5.6623395,43.1782925,2024-08-02,21,0,30,26.700006103515648,5.6875,43.125,2334,3.4339872044851463,5.662339.43.178292,2024-08-02,4
SPY2402660,4.562367500000001,43.350758,2024-08-05,17,0,30,23.299981689453148,4.5625,43.3125,2337,3.4339872044851463,4.562368.43.350758,2024-08-05,3
SPY2402661,3.1310575,42.507725,2024-06-24,11,0,30,20.170007324218773,3.1875,42.5,2295,3.4339872044851463,3.131057.42.507725,2024-06-24,5
SPY2402662,7.6391985,42.849156,2024-06-19,2694,0,60,20.119989013671898,7.625,42.875,2290,4.110873864173311,7.639198.42.849156,2024-06-19,2
SPY2402663,6.807553,43.409228,2024-07-30,10,0,30,27.219995117187523,6.8125,43.375,2331,3.4339872044851463,6.807553.43.409228,2024-07-30,1
SPY2402664,7.137898,43.619755,2024-07-29,78,0,30,27.439996337890648,7.1875,43.625,2330,3.4339872044851463,7.137898.43.619755,2024-07-29,1
SPY2402665,6.728707,43.2581755,2024-07-31,15,0,30,27.600000000000023,6.75,43.25,2332,3.4339872044851463,6.728707.43.258176,2024-07-31,2
SPY2402666,4.930983,43.360766,2024-08-04,21,0,30,25.469995117187523,4.9375,43.3125,2336,3.4339872044851463,4.930983.43.360766,2024-08-04,2
SPY2402667,6.1591115,43.017416999999995,2024-08-01,27,0,30,26.540002441406273,6.125,43,2333,3.4339872044851463,6.159111.43.017417,2024-08-01,3
SPY2402669,3.1361809999999997,42.496224999999995,2024-06-24,16,0,30,20.170007324218773,3.1875,42.5,2295,3.4339872044851463,3.136181.42.496225,2024-06-24,5
SPY2402670,7.3660005,43.1787235,2024-06-20,2600,0,60,20.469995117187523,7.375,43.1875,2291,4.110873864173311,7.366001.43.178723,2024-06-20,2
SPY2402758,3.1568829999999997,42.4744415,2025-04-10,2,0,30,15.609979248046898,NA,NA,2585,3.4339872044851463,3.156883.42.474441,2025-04-10,5
SPY2402761,3.17535,42.4352998,2025-04-10,19,0,30,14.119989013671898,NA,NA,2585,3.4339872044851463,3.17535.42.4353,2025-04-10,5
SPY2402762,3.2414538884999997,42.46778165,2025-04-10,89,0,30,14.119989013671898,NA,NA,2585,3.4339872044851463,3.241454.42.467782,2025-04-10,5
SPY2402765,3.1608583,42.462683,2025-04-10,43,0,30,14.109979248046898,NA,NA,2585,3.4339872044851463,3.160858.42.462683,2025-04-10,5
SPY2402773,3.1568829999999997,42.4744415,2025-04-10,2,0,30,15.609979248046898,NA,NA,2585,3.4339872044851463,3.156883.42.474441,2025-04-10,5
SPY2403572,3.157419,42.736698,2024-08-29,52,0,30,21.149987792968773,3.1875,42.75,2361,3.4339872044851463,3.157419.42.736698,2024-08-29,2
SPY2403573,3.055213,42.92239,2024-08-27,6,0,29.66,26.420007324218773,NA,NA,2359,3.422958873443668,3.055213.42.92239,2024-08-27,2
SPY2403574,3.0716595,42.5349195,2024-08-27,3,0,31.58,21.689996337890648,3.0625,42.5625,2359,3.4836986031738992,3.07166.42.53492,2024-08-27,5
SPY2403575,3.1749035,42.4356975,2024-08-28,9,0,30.35,21.899987792968773,3.1875,42.4375,2360,3.4452142670789296,3.174904.42.435698,2024-08-28,5
SPY2403576,3.055213,42.92239,2024-08-27,6,0,31.49,20.279992675781273,3.0625,42.9375,2359,3.4809323496810087,3.055213.42.92239,2024-08-27,2
SPY2403577,3.0389556000000004,42.618144150000006,2024-08-27,4,0,33.12,21.529992675781273,3.0625,42.625,2359,3.5298837226234783,3.038956.42.618144,2024-08-27,2
SPY2403578,3.1224965,42.52076135,2024-08-27,86,0,30,21.799981689453148,3.125,42.5625,2359,3.4339872044851463,3.122496.42.520761,2024-08-27,5
SPY2403579,3.1749035,42.4356975,2024-08-28,9,0,30.31,21.899987792968773,3.1875,42.4375,2360,3.443937535338314,3.174904.42.435698,2024-08-28,5
SPY2403580,3.0389556000000004,42.618144150000006,2024-08-27,4,0,30.41,21.529992675781273,3.0625,42.625,2359,3.447126313550555,3.038956.42.618144,2024-08-27,2
SPY2403581,3.0404855,42.6270745,2024-08-27,3,0,28.7,21.529992675781273,3.0625,42.625,2359,3.391147045808654,3.040486.42.627074,2024-08-27,2
SPY2403582,3.1625435,42.4637575,2024-08-28,10,1,31.1,21.899987792968773,3.1875,42.4375,2360,3.4688560301359703,3.162544.42.463758,2024-08-28,5
SPY2403583,3.0404855,42.6270745,2024-08-27,3,0,30.16,21.529992675781273,3.0625,42.625,2359,3.4391352210025476,3.040486.42.627074,2024-08-27,2
SPY2403584,3.05042,42.54131,2024-08-26,4,0,33.51,27.209985351562523,NA,NA,2358,3.541249137109912,3.05042.42.54131,2024-08-26,2
SPY2403585,3.157419,42.736698,2024-08-29,52,0,30,21.149987792968773,3.1875,42.75,2361,3.4339872044851463,3.157419.42.736698,2024-08-29,2
SPY2403586,3.1224965,42.52076135,2024-08-27,86,0,30.04,21.799981689453148,3.125,42.5625,2359,3.435276695315018,3.122496.42.520761,2024-08-27,5
SPY2403589,3.05042,42.54131,2024-08-26,4,0,33.34,27.209985351562523,NA,NA,2358,3.5363108554693294,3.05042.42.54131,2024-08-26,2
SPY2403590,3.1625435,42.4637575,2024-08-28,10,1,30.31,21.899987792968773,3.1875,42.4375,2360,3.443937535338314,3.162544.42.463758,2024-08-28,5
SPY2403591,3.0716595,42.5349195,2024-08-27,3,0,29.14,21.689996337890648,3.0625,42.5625,2359,3.4058531931983493,3.07166.42.53492,2024-08-27,5
SPY2403597,3.037095,42.615294,2025-08-28,4,0,30,25.7499938964844,NA,NA,2725,3.4339872044851463,3.037095.42.615294,2025-08-28,2
SPY2403604,3.5402825,43.341959,2025-06-17,2,0,32.04,23.890008544921898,NA,NA,2653,3.497718948652777,3.540282.43.341959,2025-06-17,5
SPY2403605,3.5402825,43.341959,2025-06-17,2,0,31.44,21.329980468750023,NA,NA,2653,3.479392229247212,3.540282.43.341959,2025-06-17,5
SPY2403609,3.5577265,43.314702,2025-06-17,2,0,30.87,23.890008544921898,NA,NA,2653,3.461665128429245,3.557726.43.314702,2025-06-17,5
SPY2403610,3.5577265,43.314702,2025-06-17,2,0,30.29,21.329980468750023,NA,NA,2653,3.443298557680791,3.557726.43.314702,2025-06-17,5
SPY2403621,3.0383815,42.86449,2025-06-25,4,0,35,25.529992675781273,3.0625,42.875,2661,3.58351893845611,3.038381.42.86449,2025-06-25,2
SPY2404129,5.622895,43.183025,2025-04-28,8,0,29.93077,15.119989013671898,NA,NA,2603,3.4317514813111267,5.622895.43.183025,2025-04-28,4
SPY2404130,5.664265,43.1795,2025-04-30,10,0,30.26761,16.730004882812523,5.6875,43.125,2605,3.44258273746464,5.664265.43.1795,2025-04-30,4
SPY2404131,5.62367,43.18188,2025-04-28,8,0,30,15.480004882812525,5.625,43.125,2603,3.4339872044851463,5.62367.43.18188,2025-04-28,4
SPY2404133,5.62367,43.18188,2025-04-28,8,0,30,15.480004882812525,5.625,43.125,2603,3.4339872044851463,5.62367.43.18188,2025-04-28,4
SPY2404134,5.664304,43.179545000000005,2025-04-30,10,0,30.2527,16.730004882812523,5.6875,43.125,2605,3.442105772450146,5.664304.43.179545,2025-04-30,4
SPY2404153,9.18897,42.831858,2025-05-26,1110,0,30,19.0100036621094,NA,NA,2631,3.4339872044851463,9.18897.42.831858,2025-05-26,3
SPY2404154,9.336189999999998,42.76713315,2025-05-26,20,1,31,19.0100036621094,NA,NA,2631,3.4657359027997265,9.33619.42.767133,2025-05-26,3
SPY2404155,9.18897,42.831858,2025-05-26,1110,0,30,18.829980468750023,NA,NA,2631,3.4339872044851463,9.18897.42.831858,2025-05-26,3
SPY2404156,9.336189999999998,42.76713315,2025-05-26,20,1,31,19.0100036621094,NA,NA,2631,3.4657359027997265,9.33619.42.767133,2025-05-26,3
SPY2404157,3.0561645,42.923107,2025-04-04,6,0,30,13.109979248046898,3.0625,42.9375,2579,3.4339872044851463,3.056164.42.923107,2025-04-04,2
SPY2404158,3.0561645,42.923107,2025-04-04,6,0,30,13.109979248046898,3.0625,42.9375,2579,3.4339872044851463,3.056164.42.923107,2025-04-04,2
SPY2404159,3.1261520000000003,42.52083,2025-04-04,86,0,30,13.249993896484398,3.125,42.5625,2579,3.4339872044851463,3.126152.42.52083,2025-04-04,5
SPY2404160,3.157514,42.737186,2025-03-24,52,0,30,12.450006103515648,NA,NA,2568,3.4339872044851463,3.157514.42.737186,2025-03-24,2
SPY2404161,3.157514,42.737186,2025-03-24,52,0,30,12.450006103515648,NA,NA,2568,3.4339872044851463,3.157514.42.737186,2025-03-24,2
SPY2404162,3.7688588,43.4298712,2025-04-07,1,0,30,13.719995117187525,NA,NA,2582,3.4339872044851463,3.768859.43.429871,2025-04-07,4
SPY2404169,3.7688588,43.4298712,2025-04-07,1,0,30,13.719995117187525,NA,NA,2582,3.4339872044851463,3.768859.43.429871,2025-04-07,4
SPY2405006,3.041304,42.864562,2025-07-02,4,0,29.52,28.189996337890648,NA,NA,2668,3.4183822064162563,3.041304.42.864562,2025-07-02,2
SPY2405007,3.041304,42.864562,2025-07-02,4,0,30,28.350000000000023,NA,NA,2668,3.4339872044851463,3.041304.42.864562,2025-07-02,2
SPY2405008,6.921715,43.457753,2025-07-02,34,1,29.94,28.579980468750023,NA,NA,2668,3.43204984514492,6.921715.43.457753,2025-07-02,1
SPY2405009,6.158772,43.079383,2025-07-03,4,0,30,27.769982910156273,6.125,43,2669,3.4339872044851463,6.158772.43.079383,2025-07-03,3
SPY2405010,6.921715,43.457753,2025-07-02,34,1,30,28.579980468750023,NA,NA,2668,3.4339872044851463,6.921715.43.457753,2025-07-02,1
SPY2405011,6.920791,43.449563,2025-07-02,15,0,30,28.379998779296898,6.9375,43.4375,2668,3.4339872044851463,6.920791.43.449563,2025-07-02,1
SPY2405013,5.78312,43.079543,2025-07-17,2,0,30,23.629998779296898,NA,NA,2683,3.4339872044851463,5.78312.43.079543,2025-07-17,2
SPY2405014,5.027792,43.402471,2025-07-11,1,0,28.2,20.4899841308594,5,43.3125,2677,3.374168709274236,5.027792.43.402471,2025-07-11,4
SPY2405015,8.906315,41.4526,2025-08-26,9,1,30,25.269982910156273,8.9375,41.4375,2723,3.4339872044851463,8.906315.41.4526,2025-08-26,5
SPY2405017,5.46812,43.20854,2025-09-30,173,0,30,20.570001220703148,NA,NA,2758,3.4339872044851463,5.46812.43.20854,2025-09-30,4
SPY2405019,5.7933,43.07715,2025-07-18,5,0,30,21.059991455078148,5.75,43.0625,2684,3.4339872044851463,5.7933.43.07715,2025-07-18,2
SPY2405020,5.76475525,43.08073425,2025-07-18,8,0,30,21.059991455078148,5.75,43.0625,2684,3.4339872044851463,5.764755.43.080734,2025-07-18,2
SPY2405021,5.39346,43.17202,2025-09-29,39,1,30,20.269982910156273,NA,NA,2757,3.4339872044851463,5.39346.43.17202,2025-09-29,4
SPY2405022,3.038584,42.625443,2025-08-27,3,0,30,22.9999938964844,3.0625,42.625,2724,3.4339872044851463,3.038584.42.625443,2025-08-27,2
SPY2405023,5.38381,43.21032,2025-09-29,26,1,30,20.379998779296898,NA,NA,2757,3.4339872044851463,5.38381.43.21032,2025-09-29,4
SPY2405024,5.35194,43.21066,2025-09-29,25,0,30,20.379998779296898,NA,NA,2757,3.4339872044851463,5.35194.43.21066,2025-09-29,4
SPY2405025,4.391408,43.4619105,2025-07-16,6,0,32.79,24.279992675781273,NA,NA,2682,3.5201649007261984,4.391408.43.46191,2025-07-16,4
SPY2405026,5.39346,43.17202,2025-09-29,39,1,30,20.359979248046898,NA,NA,2757,3.4339872044851463,5.39346.43.17202,2025-09-29,4
SPY2405029,5.78312,43.079543,2025-07-17,2,0,30,23.629998779296898,NA,NA,2683,3.4339872044851463,5.78312.43.079543,2025-07-17,2
SPY2405030,5.041823,43.402426,2025-07-11,2,0,32.8,20.230004882812523,5.0625,43.3125,2677,3.520460802488973,5.041823.43.402426,2025-07-11,4
SPY2405033,6.158772,43.079383,2025-07-03,4,0,30,27.769982910156273,6.125,43,2669,3.4339872044851463,6.158772.43.079383,2025-07-03,3
SPY2405034,6.920791,43.449563,2025-07-02,15,0,29.71,28.379998779296898,6.9375,43.4375,2668,3.424588334452731,6.920791.43.449563,2025-07-02,1
SPY2405035,5.76553625,43.08049125,2025-07-18,8,0,30,21.059991455078148,5.75,43.0625,2684,3.4339872044851463,5.765536.43.080491,2025-07-18,2
SPY2405066,3.7688588,43.4298712,2025-07-01,1,0,30,27.609979248046898,3.8125,43.4375,2667,3.4339872044851463,3.768859.43.429871,2025-07-01,4
SPY2405067,3.7688588,43.4298712,2025-07-09,1,0,30,20.9899841308594,3.8125,43.4375,2675,3.4339872044851463,3.768859.43.429871,2025-07-09,4
SPY2405068,3.7688588,43.4298712,2025-07-18,1,0,30,22.899987792968773,3.8125,43.4375,2684,3.4339872044851463,3.768859.43.429871,2025-07-18,4
SPY2405069,3.7688588,43.4298712,2025-07-09,1,0,30,20.9899841308594,3.8125,43.4375,2675,3.4339872044851463,3.768859.43.429871,2025-07-09,4
SPY2405070,3.7688588,43.4298712,2025-07-01,1,0,30,27.719995117187523,NA,NA,2667,3.4339872044851463,3.768859.43.429871,2025-07-01,4
SPY2405071,3.7688588,43.4298712,2025-08-26,1,0,30,22.879998779296898,3.8125,43.4375,2723,3.4339872044851463,3.768859.43.429871,2025-08-26,4
SPY2405072,3.7688588,43.4298712,2025-07-18,1,0,30,22.899987792968773,3.8125,43.4375,2684,3.4339872044851463,3.768859.43.429871,2025-07-18,4
SPY2405073,3.7688588,43.4298712,2025-08-26,1,0,30,22.879998779296898,3.8125,43.4375,2723,3.4339872044851463,3.768859.43.429871,2025-08-26,4
SPY2405074,3.7688588,43.4298712,2025-09-26,1,0,30,20.359979248046898,NA,NA,2754,3.4339872044851463,3.768859.43.429871,2025-09-26,4
SPY2405075,3.7688588,43.4298712,2025-09-26,1,0,30,20.529992675781273,NA,NA,2754,3.4339872044851463,3.768859.43.429871,2025-09-26,4
SPY2405076,3.7688588,43.4298712,2025-11-19,1,0,30,16.579980468750023,3.8125,43.4375,2808,3.4339872044851463,3.768859.43.429871,2025-11-19,4
SPY2405077,3.7688588,43.4298712,2025-11-19,1,0,30,16.579980468750023,3.8125,43.4375,2808,3.4339872044851463,3.768859.43.429871,2025-11-19,4
SPY2405094,6.055631,43.270435,2025-06-25,329,0,30,25.379998779296898,NA,NA,2661,3.4339872044851463,6.055631.43.270435,2025-06-25,2
SPY2405095,6.247667,43.116303,2025-06-25,3,0,30,25.379998779296898,NA,NA,2661,3.4339872044851463,6.247667.43.116303,2025-06-25,3
SPY2405097,3.155017,42.50654,2025-09-15,47,0,61.88407,21.640008544921898,3.1875,42.5,2743,4.141292872489388,3.155017.42.50654,2025-09-15,5
SPY2405101,3.1530050000000003,42.50654,2025-09-15,39,0,61.84595,21.640008544921898,3.1875,42.5,2743,4.140686493819154,3.153005.42.50654,2025-09-15,5
SPY2405102,3.154933,42.50698,2025-09-15,47,0,61.87961,21.640008544921898,3.1875,42.5,2743,4.14122194581164,3.154933.42.50698,2025-09-15,5
SPY2405103,3.153424,42.508815,2025-09-15,46,0,61.89497,21.640008544921898,3.1875,42.5,2743,4.14146619230527,3.153424.42.508815,2025-09-15,5
SPY2405106,3.153102,42.5086,2025-09-15,46,0,61.83579,21.640008544921898,3.1875,42.5,2743,4.140524815598879,3.153102.42.5086,2025-09-15,5
SPY2405107,3.1507415,42.5077,2025-09-15,39,0,61.90069,21.779992675781273,NA,NA,2743,4.14155713343955,3.150742.42.5077,2025-09-15,5
SPY2405162,3.043184,42.653661,2025-08-27,7,0,30,26.019982910156273,NA,NA,2724,3.4339872044851463,3.043184.42.653661,2025-08-27,2
SPY2405163,3.038584,42.625443,2025-08-27,3,0,30,22.9999938964844,3.0625,42.625,2724,3.4339872044851463,3.038584.42.625443,2025-08-27,2
SPY2405166,5.42634,43.20556,2025-09-30,15,0,30,19.730004882812523,5.4375,43.1875,2758,3.4339872044851463,5.42634.43.20556,2025-09-30,4
SPY2405167,5.35194,43.21066,2025-09-29,25,0,30,20.269982910156273,NA,NA,2757,3.4339872044851463,5.35194.43.21066,2025-09-29,4
SPY2405182,5.42634,43.20556,2025-09-30,15,0,30,20.559991455078148,NA,NA,2758,3.4339872044851463,5.42634.43.20556,2025-09-30,4
SPY2405216,6.76348,43.422833,2025-06-25,13,0,30,25.5100036621094,6.75,43.375,2661,3.4339872044851463,6.76348.43.422833,2025-06-25,1
SPY2405217,7.12783,43.585186,2025-06-25,1,0,30,25.379998779296898,7.1875,43.5625,2661,3.4339872044851463,7.12783.43.585186,2025-06-25,1
SPY2405218,3.0432955,42.888083,2025-06-24,9,0,30,25.049981689453148,3.0625,42.875,2660,3.4339872044851463,3.043296.42.888083,2025-06-24,2
SPY2405219,5.537492,43.213962,2025-06-27,19,0,30,25.070001220703148,5.5,43.1875,2663,3.4339872044851463,5.537492.43.213962,2025-06-27,4
SPY2405220,6.055631050000001,43.270435,2025-06-25,329,0,30,24.429986572265648,5.75,43.125,2661,3.4339872044851463,6.055631.43.270435,2025-06-25,2
SPY2405221,7.12783,43.585186,2025-06-25,1,0,30,25.379998779296898,7.1875,43.5625,2661,3.4339872044851463,7.12783.43.585186,2025-06-25,1
SPY2405222,6.76348,43.422833,2025-06-25,13,0,30,25.5100036621094,6.75,43.375,2661,3.4339872044851463,6.76348.43.422833,2025-06-25,1
SPY2405223,5.537492,43.213962,2025-06-27,19,0,30,25.070001220703148,5.5,43.1875,2663,3.4339872044851463,5.537492.43.213962,2025-06-27,4
SPY2405224,3.0432955,42.888083,2025-06-24,9,0,32.97,25.049981689453148,3.0625,42.875,2660,3.5254777821724925,3.043296.42.888083,2025-06-24,2
SPY2405225,5.931766,43.113163,2025-06-27,10,0,30,25.2600036621094,5.9375,43,2663,3.4339872044851463,5.931766.43.113163,2025-06-27,2
SPY2405334,9.265816667,43.01075,2025-04-19,145,0,30,15.540002441406273,9.25,43,2594,3.4339872044851463,9.265817.43.01075,2025-04-19,1
SPY2405336,9.509966667,42.99238333,2025-04-23,50,0,30,15.820001220703148,9.5,43,2598,3.4339872044851463,9.509967.42.992383,2025-04-23,5
SPY2405338,9.495883333,42.86658333,2025-04-15,50,0,30,16.109979248046898,9.5,42.875,2590,3.4339872044851463,9.495883.42.866583,2025-04-15,3
SPY2405340,9.281866667,42.97728333,2025-04-13,64,0,30,16.239984130859398,9.3125,43,2588,3.4339872044851463,9.281867.42.977283,2025-04-13,3
SPY2405344,9.509966667,42.99238333,2025-04-23,50,0,30,15.820001220703148,9.5,43,2598,3.4339872044851463,9.509967.42.992383,2025-04-23,5
SPY2405345,9.272333333,43.01056667,2025-04-16,88,0,30,16.059991455078148,9.25,43,2591,3.4339872044851463,9.272333.43.010567,2025-04-16,1
SPY2405346,9.495883333,42.86658333,2025-04-15,50,0,30,16.109979248046898,9.5,42.875,2590,3.4339872044851463,9.495883.42.866583,2025-04-15,3
SPY2405348,9.281866667,42.97728333,2025-04-13,64,0,30,16.239984130859398,9.3125,43,2588,3.4339872044851463,9.281867.42.977283,2025-04-13,3
SPY2405800,3.444858,43.288944,2025-06-05,2,0,30,19.850000000000023,3.4375,43.25,2641,3.4339872044851463,3.444858.43.288944,2025-06-05,5
SPY2405802,3.0393025,42.864898999999994,2025-06-25,4,0,30,25.529992675781273,3.0625,42.875,2661,3.4339872044851463,3.039302.42.864899,2025-06-25,2
SPY2405804,3.509762,43.275553,2025-06-05,4,0,30,20.469995117187523,NA,NA,2641,3.4339872044851463,3.509762.43.275553,2025-06-05,5
SPY2405805,3.444859,43.288945,2025-06-05,2,0,30,19.850000000000023,3.4375,43.25,2641,3.4339872044851463,3.444859.43.288945,2025-06-05,5
SPY2405806,3.973855,43.53489785,2025-05-27,6,0,30.51,19.540002441406273,NA,NA,2632,3.4503049557691834,3.973855.43.534898,2025-05-27,4
SPY2405807,3.2617285000000003,43.202417,2025-06-10,17,0,30,21.019982910156273,3.25,43.1875,2646,3.4339872044851463,3.261729.43.202417,2025-06-10,1
SPY2405809,3.7147355,43.414181,2025-06-05,1,0,30,21.589990234375023,NA,NA,2641,3.4339872044851463,3.714736.43.414181,2025-06-05,4
SPY2405810,3.9604115,43.555017500000005,2025-05-27,3,0,30,19.540002441406273,NA,NA,2632,3.4339872044851463,3.960412.43.555018,2025-05-27,4
SPY2405812,3.967516,43.550992,2025-06-05,1,0,30,21.589990234375023,NA,NA,2641,3.4339872044851463,3.967516.43.550992,2025-06-05,4
SPY2405814,3.973855,43.53489785,2025-05-27,6,0,30.51,19.339990234375023,NA,NA,2632,3.4503049557691834,3.973855.43.534898,2025-05-27,4
SPY2405815,3.7688588,43.4298712,2025-05-15,1,0,30,18.269982910156273,NA,NA,2620,3.4339872044851463,3.768859.43.429871,2025-05-15,4
SPY2405816,3.509762,43.275553,2025-06-05,4,0,30,20.469995117187523,NA,NA,2641,3.4339872044851463,3.509762.43.275553,2025-06-05,5
SPY2405824,3.953208,43.5498485,2025-05-27,1,0,30,16.909997558593773,3.9375,43.5,2632,3.4339872044851463,3.953208.43.549849,2025-05-27,4
SPY2405837,3.7688588,43.4298712,2025-05-15,1,0,30,18.269982910156273,NA,NA,2620,3.4339872044851463,3.768859.43.429871,2025-05-15,4
SPY2501327,3.17514515,42.435392449999995,2025-08-25,19,0,30,26.859979248046898,NA,NA,2722,3.4339872044851463,3.175145.42.435392,2025-08-25,5
SPY2501328,5.931766,43.113163,2025-06-26,10,0,30,25.589990234375023,5.9375,43,2662,3.4339872044851463,5.931766.43.113163,2025-06-26,2
SPY2501329,5.2818222725,43.35138153,2025-06-12,20,0,30,21.399987792968773,5.3125,43.25,2648,3.4339872044851463,5.281822.43.351382,2025-06-12,4
SPY2501331,5.2818222725,43.35138153,2025-06-12,20,0,30,21.399987792968773,5.3125,43.25,2648,3.4339872044851463,5.281822.43.351382,2025-06-12,4
SPY2501332,3.2617285000000003,43.202417,2025-06-10,17,0,30,21.019982910156273,3.25,43.1875,2646,3.4339872044851463,3.261729.43.202417,2025-06-10,1
SPY2501333,4.1187303,43.5128639,2025-06-11,4,0,30,21.809991455078148,4.0625,43.5,2647,3.4339872044851463,4.11873.43.512864,2025-06-11,4
SPY2501334,5.237641994500001,43.330621019999995,2025-06-12,1,0,30,21.439996337890648,5.25,43.25,2648,3.4339872044851463,5.237642.43.330621,2025-06-12,4
SPY2501336,3.15639,42.475645,2025-08-25,16,0,30,26.859979248046898,NA,NA,2722,3.4339872044851463,3.15639.42.475645,2025-08-25,5
SPY2501337,6.247667,43.116303,2025-06-25,3,0,30,24.869989013671898,6.125,43,2661,3.4339872044851463,6.247667.43.116303,2025-06-25,3
SPY2501339,5.237641994500001,43.330621019999995,2025-06-12,1,0,30,21.439996337890648,5.25,43.25,2648,3.4339872044851463,5.237642.43.330621,2025-06-12,4
SPY2501340,4.1187303,43.5128639,2025-06-11,4,0,30,21.809991455078148,4.0625,43.5,2647,3.4339872044851463,4.11873.43.512864,2025-06-11,4
SPY2501362,3.1125245,42.5208665,2025-08-29,23,0,30,22.309991455078148,3.125,42.5625,2726,3.4339872044851463,3.112524.42.520866,2025-08-29,5
SPY2501363,3.0646665,42.5370465,2025-08-29,12,0,30,22.309991455078148,3.0625,42.5625,2726,3.4339872044851463,3.064666.42.537047,2025-08-29,2
SPY2501364,3.157514,42.737186,2025-09-03,52,0,30,24.029992675781273,NA,NA,2731,3.4339872044851463,3.157514.42.737186,2025-09-03,2
SPY2501365,3.052673,42.541865,2025-08-29,1,0,30,26.7600036621094,NA,NA,2726,3.4339872044851463,3.052673.42.541865,2025-08-29,2
SPY2501366,3.0646665,42.5370465,2025-08-29,12,0,30,22.309991455078148,3.0625,42.5625,2726,3.4339872044851463,3.064666.42.537047,2025-08-29,2
SPY2501367,3.0561645,42.923107,2025-08-26,6,0,30,22.689996337890648,3.0625,42.9375,2723,3.4339872044851463,3.056164.42.923107,2025-08-26,2
SPY2501368,3.1240235,42.5207375,2025-08-26,86,0,30,22.909997558593773,3.125,42.5625,2723,3.4339872044851463,3.124023.42.520738,2025-08-26,5
SPY2501369,3.1240235,42.5207375,2025-08-26,86,0,30,22.909997558593773,3.125,42.5625,2723,3.4339872044851463,3.124023.42.520738,2025-08-26,5
SPY2501370,3.157514,42.737186,2025-09-03,52,0,30,24.129998779296898,NA,NA,2731,3.4339872044851463,3.157514.42.737186,2025-09-03,2
SPY2501371,3.0561645,42.923107,2025-08-26,6,0,30,22.689996337890648,3.0625,42.9375,2723,3.4339872044851463,3.056164.42.923107,2025-08-26,2
SPY2501372,3.052673,42.541865,2025-08-29,1,0,30,26.329980468750023,NA,NA,2726,3.4339872044851463,3.052673.42.541865,2025-08-29,2
SPY2501373,3.1125245,42.5208665,2025-08-29,23,0,30,26.7600036621094,NA,NA,2726,3.4339872044851463,3.112524.42.520866,2025-08-29,5
SPY2501374,3.134615,42.494855,2025-08-25,13,0,30,23.619989013671898,3.1875,42.5,2722,3.4339872044851463,3.134615.42.494855,2025-08-25,5
SPY2501375,3.15639,42.475645,2025-08-25,16,0,30,26.859979248046898,NA,NA,2722,3.4339872044851463,3.15639.42.475645,2025-08-25,5
SPY2501376,3.17514515,42.435392449999995,2025-08-25,19,0,30,26.859979248046898,NA,NA,2722,3.4339872044851463,3.175145.42.435392,2025-08-25,5
SPY2501377,3.134615,42.494855,2025-08-25,13,0,30,23.619989013671898,3.1875,42.5,2722,3.4339872044851463,3.134615.42.494855,2025-08-25,5
SPY2501378,3.16198,42.462158,2025-08-25,19,1,30,23.700006103515648,3.1875,42.4375,2722,3.4339872044851463,3.16198.42.462158,2025-08-25,5
SPY2501379,3.16198,42.462158,2025-08-25,19,1,30,23.700006103515648,3.1875,42.4375,2722,3.4339872044851463,3.16198.42.462158,2025-08-25,5
SPY2502406,5.38381,43.21032,2025-09-29,26,1,30,20.269982910156273,NA,NA,2757,3.4339872044851463,5.38381.43.21032,2025-09-29,4
SPY2502409,5.46812,43.20854,2025-09-30,173,0,30,20.609979248046898,NA,NA,2758,3.4339872044851463,5.46812.43.20854,2025-09-30,4
SPY2502414,3.037095,42.615294,2025-08-28,4,0,30,22.299981689453148,3.0625,42.625,2725,3.4339872044851463,3.037095.42.615294,2025-08-28,2
SPY2502419,5.041823,43.402426,2025-07-11,2,0,28.8,20.230004882812523,5.0625,43.3125,2677,3.3945083935113587,5.041823.43.402426,2025-07-11,4
SPY2502420,3.980305,43.540668,2025-07-16,3,0,32.28,23.350000000000023,4,43.5,2682,3.5049566159530077,3.980305.43.540668,2025-07-16,4
SPY2502421,3.980305,43.540668,2025-07-16,3,0,31.79,23.350000000000023,4,43.5,2682,3.4901235908565567,3.980305.43.540668,2025-07-16,4
SPY2502422,5.027792,43.402471,2025-07-11,1,0,32.27,20.4899841308594,5,43.3125,2677,3.5046560900303856,5.027792.43.402471,2025-07-11,4
SPY2502423,4.391408,43.4619105,2025-07-16,6,0,29.59,24.279992675781273,NA,NA,2682,3.420673158162812,4.391408.43.46191,2025-07-16,4
SPY2502424,5.7924,43.0736,2025-07-18,11,0,30,21.059991455078148,5.75,43.0625,2684,3.4339872044851463,5.7924.43.0736,2025-07-18,2
